"destination_id","destination_name","floor","type"
"b1_main_engine_room","总机房","B1","room"
"b1_multifunction_hall","多功能厅","B1","public"
"b1_multifunction_lobby","多功能厅大厅","B1","public"
"b1_n_stair","负一层北楼梯口","B1","public"
"b1_power_room","配电房","B1","room"
"b1_room_4001","4001","B1","room"
"b1_room_4002","4002","B1","room"
"b1_s_stair","负一层南楼梯口","B1","public"
"b1_storage_room","储藏室","B1","room"
"f1_east_gate","一层东门","F1","public"
"f1_left_stair_4101","4101左侧楼梯口","F1","public"
"f1_left_stair_4108","4108左侧楼梯口","F1","public"
"f1_middle_stair","F1中间楼梯口","F1","public"
"f1_room_4101","4101阶梯教室","F1","room"
"f1_room_4102","4102阶梯教室","F1","room"
"f1_room_4103","4103阶梯教室","F1","room"
"f1_room_4104","4104阶梯教室","F1","room"
"f1_room_4105","4105教室","F1","room"
"f1_room_4106","4106教室","F1","room"
"f1_room_4107","4107多媒体陈列室","F1","room"
"f1_room_4108","4108教室","F1","room"
"f1_room_4109","4109教室","F1","room"
"f1_room_4110","4110教务处（考务办公室）","F1","room"
"f1_room_4110_1","4110-1辅助用房","F1","room"
"f1_room_4111","4111阶梯教室","F1","room"
"f1_room_4111_1","4111-1门卫值班室","F1","room"
"f1_room_4112","4112阶梯教室","F1","room"
"f1_room_4113","4113阶梯教室","F1","room"
"f1_room_4114","4114阶梯教室","F1","room"
"f1_room_4115","4115阶梯教室","F1","room"
"f1_room_4116","4116阶梯教室","F1","room"
"f1_south_gate","一层南门","F1","public"
"f1_stair_left_4116","4116左侧楼梯口","F1","public"
"f1_stair_right_4102","4102右侧楼梯口","F1","public"
"f1_stair_right_4110","4110右侧楼梯口","F1","public"
"f1_stair_right_4111","4111右侧楼梯口","F1","public"
"f1_weak_room","F1弱电房","F1","public"
"f2_n_stair","二层北中楼梯口","F2","public"
"f2_ne_stair","二层东北楼梯口","F2","public"
"f2_nw_stair","二层西北楼梯口","F2","public"
"f2_room_4201","4201教室","F2","room"
"f2_room_4202","4202教室","F2","room"
"f2_room_4203","4203教室","F2","room"
"f2_room_4204","4204教室","F2","room"
"f2_room_4205","4205空置","F2","room"
"f2_room_4206","4206教室","F2","room"
"f2_room_4207","4207辅助用房","F2","room"
"f2_room_4208","4208空置","F2","room"
"f2_room_4209","4209空置","F2","room"
"f2_room_4210","4210辅助用房","F2","room"
"f2_room_4211","4211教室","F2","room"
"f2_room_4211_1","4211-1辅助用房","F2","room"
"f2_room_4212","4212教室","F2","room"
"f2_room_4213","4213教室","F2","room"
"f2_room_4214","4214教室","F2","room"
"f2_room_4215","4215教室","F2","room"
"f2_room_4216","4216教室","F2","room"
"f2_s_stair_e","二层南中东楼梯口","F2","public"
"f2_s_stair_w","二层南中西楼梯口","F2","public"
"f2_se_stair","二层东南楼梯口","F2","public"
"f2_sw_stair","二层西南楼梯口","F2","public"
"f3_n_stair","三层北中楼梯口","F3","public"
"f3_ne_stair","三层东北楼梯口","F3","public"
"f3_nw_stair","三层西北楼梯口","F3","public"
"f3_room_4301","4301阶梯教室","F3","room"
"f3_room_4302","4302阶梯教室","F3","room"
"f3_room_4303","4303阶梯教室","F3","room"
"f3_room_4304","4304阶梯教室","F3","room"
"f3_room_4305_1","4305-1辅助用房","F3","room"
"f3_room_4305_2","4305-2辅助用房","F3","room"
"f3_room_4306","4306会议室/共用空间","F3","room"
"f3_room_4307_1","4307-1辅助用房","F3","room"
"f3_room_4307_2","4307-2辅助用房","F3","room"
"f3_room_4308_1","4308-1辅助用房","F3","room"
"f3_room_4308_2","4308-2辅助用房","F3","room"
"f3_room_4309_1","4309-1辅助用房","F3","room"
"f3_room_4309_2","4309-2辅助用房","F3","room"
"f3_room_4310_1","4310-1辅助用房","F3","room"
"f3_room_4310_2","4310-2辅助用房","F3","room"
"f3_room_4311","4311教室","F3","room"
"f3_room_4312","4312教室","F3","room"
"f3_room_4313","4313教室","F3","room"
"f3_room_4314","4314教室","F3","room"
"f3_room_4315","4315阶梯教室","F3","room"
"f3_room_4316","4316阶梯教室","F3","room"
"f3_room_4317","4317阶梯教室","F3","room"
"f3_room_4318","4318阶梯教室","F3","room"
"f3_room_4319","4319教室","F3","room"
"f3_s_stair_e","三层南中东楼梯口","F3","public"
"f3_s_stair_w","三层南中西楼梯口","F3","public"
"f3_se_stair","三层东南楼梯口","F3","public"
"f3_sw_stair","三层西南楼梯口","F3","public"
"f4_n_stair","四层北中楼梯口","F4","public"
"f4_ne_stair","四层东北楼梯口","F4","public"
"f4_nw_stair","四层西北楼梯口","F4","public"
"f4_room_4401","4401阶梯教室","F4","room"
"f4_room_4402","4402阶梯教室","F4","room"
"f4_room_4403","4403空置","F4","room"
"f4_room_4403_0","4403-0教师休息室","F4","room"
"f4_room_4404","4404教室","F4","room"
"f4_room_4405_1","4405-1教室","F4","room"
"f4_room_4405_2","4405-2教室","F4","room"
"f4_room_4406","4406教室","F4","room"
"f4_room_4407_1","4407-1教室","F4","room"
"f4_room_4407_2","4407-2空置","F4","room"
"f4_room_4408_1","4408-1空置","F4","room"
"f4_room_4408_2","4408-2空置","F4","room"
"f4_room_4409","4409教室","F4","room"
"f4_room_4410","4410教室","F4","room"
"f4_room_4411","4411教室","F4","room"
"f4_room_4412","4412阶梯教室","F4","room"
"f4_room_4413","4413阶梯教室","F4","room"
"f4_room_4414","4414阶梯教室","F4","room"
"f4_room_4415","4415阶梯教室","F4","room"
"f4_room_4416","4416阶梯教室","F4","room"
"f4_room_4417","4417阶梯教室","F4","room"
"f4_s_stair_e","四层南中东楼梯口","F4","public"
"f4_s_stair_w","四层南中西楼梯口","F4","public"
"f4_se_stair","四层东南楼梯口","F4","public"
"f4_sw_stair","四层西南楼梯口","F4","public"
"f5_n_stair","五层北中楼梯口","F5","public"
"f5_ne_stair","五层东北楼梯口","F5","public"
"f5_nw_stair","五层西北楼梯口","F5","public"
"f5_room_4502_1","4502-1教室","F5","room"
"f5_room_4502_2","4502-2教室","F5","room"
"f5_room_4503_0","4503-0教师休息室","F5","room"
"f5_room_4503_1","4503-1教室","F5","room"
"f5_room_4503_2","4503-2教室","F5","room"
"f5_room_4504_1","4504-1教室","F5","room"
"f5_room_4504_2","4504-2教室","F5","room"
"f5_room_4505_1","4505-1教室","F5","room"
"f5_room_4505_2","4505-2教室","F5","room"
"f5_room_4506_1","4506-1教室","F5","room"
"f5_room_4506_2","4506-2教室","F5","room"
"f5_room_4507_1","4507-1教室","F5","room"
"f5_room_4507_2","4507-2教室","F5","room"
"f5_room_4508_1","4508-1教室","F5","room"
"f5_room_4508_2","4508-2教室","F5","room"
"f5_room_4509","4509教室","F5","room"
"f5_room_4510","4510教室","F5","room"
"f5_room_4511","4511教室","F5","room"
"f5_s_stair_e","五层南中东楼梯口","F5","public"
"f5_s_stair_w","五层南中西楼梯口","F5","public"
"f5_se_stair","五层东南楼梯口","F5","public"
"f5_sw_stair","五层西南楼梯口","F5","public"
"f6_n_stair","六层北中楼梯口","F6","public"
"f6_ne_stair","六层东北楼梯口","F6","public"
"f6_nw_stair","六层西北楼梯口","F6","public"
"f6_room_4501","4501教室","F6","room"
"f6_room_4502","4502教室","F6","room"
"f6_room_4512","4512教室","F6","room"
"f6_room_4513","4513教室","F6","room"
"f6_room_4514","4514教室","F6","room"
"f6_room_4515","4515教室","F6","room"
"f6_room_4516","4516教室","F6","room"
"f6_room_4517","4517教室","F6","room"
"f6_room_4601","4601教室","F6","room"
"f6_room_4601_0","4601-0教师休息室","F6","room"
"f6_room_4602","4602教室","F6","room"
"f6_room_4603","4603教室","F6","room"
"f6_room_4604","4604教室","F6","room"
"f6_room_4605","4605教室","F6","room"
"f6_room_4606","4606教室","F6","room"
"f6_room_4607","4607教室","F6","room"
"f6_room_4608","4608教室","F6","room"
"f6_room_4609","4609教室","F6","room"
"f6_room_4609_0","4609-0辅助用房","F6","room"
"f6_s_stair_e","六层南中东楼梯口","F6","public"
"f6_s_stair_w","六层南中西楼梯口","F6","public"
"f6_se_stair","六层东南楼梯口","F6","public"
"f6_sw_stair","六层西南楼梯口","F6","public"
