"route_id","start_id","destination_id","map_name","path_svg"
"r_b1_n_to_4001","b1_n_stair","b1_room_4001","b1/b1_n_to_4001",""
"r_b1_n_to_4002","b1_n_stair","b1_room_4002","b1/b1_n_to_4002",""
"r_b1_n_to_b1_main_engine_room","b1_n_stair","b1_main_engine_room","b1/b1_n_to_b1_main_engine_room",""
"r_b1_n_to_b1_multifunction_hall","b1_n_stair","b1_multifunction_hall","b1/b1_n_to_b1_multifunction_hall",""
"r_b1_n_to_b1_multifunction_lobby","b1_n_stair","b1_multifunction_lobby","b1/b1_n_to_b1_multifunction_lobby",""
"r_b1_n_to_b1_power_room","b1_n_stair","b1_power_room","b1/b1_n_to_b1_power_room",""
"r_b1_n_to_b1_s","b1_n_stair","b1_s_stair","b1/b1_n_to_b1_s",""
"r_b1_n_to_b1_storage_room","b1_n_stair","b1_storage_room","b1/b1_n_to_b1_storage_room",""
"r_b1_s_to_4001","b1_s_stair","b1_room_4001","b1/b1_s_to_4001",""
"r_b1_s_to_4002","b1_s_stair","b1_room_4002","b1/b1_s_to_4002",""
"r_b1_s_to_b1_main_engine_room","b1_s_stair","b1_main_engine_room","b1/b1_s_to_b1_main_engine_room",""
"r_b1_s_to_b1_multifunction_hall","b1_s_stair","b1_multifunction_hall","b1/b1_s_to_b1_multifunction_hall",""
"r_b1_s_to_b1_multifunction_lobby","b1_s_stair","b1_multifunction_lobby","b1/b1_s_to_b1_multifunction_lobby",""
"r_b1_s_to_b1_n","b1_s_stair","b1_n_stair","b1/b1_s_to_b1_n",""
"r_b1_s_to_b1_power_room","b1_s_stair","b1_power_room","b1/b1_s_to_b1_power_room",""
"r_b1_s_to_b1_storage_room","b1_s_stair","b1_storage_room","b1/b1_s_to_b1_storage_room",""
"r_f1_east_to_4101","f1_east_gate","f1_room_4101","f1/f1_east_to_4101",""
"r_f1_east_to_4102","f1_east_gate","f1_room_4102","f1/f1_east_to_4102",""
"r_f1_east_to_4103","f1_east_gate","f1_room_4103","f1/f1_east_to_4103",""
"r_f1_east_to_4104","f1_east_gate","f1_room_4104","f1/f1_east_to_4104",""
"r_f1_east_to_4105","f1_east_gate","f1_room_4105","f1/f1_east_to_4105",""
"r_f1_east_to_4106","f1_east_gate","f1_room_4106","f1/f1_east_to_4106",""
"r_f1_east_to_4107","f1_east_gate","f1_room_4107","f1/f1_east_to_4107",""
"r_f1_east_to_4108","f1_east_gate","f1_room_4108","f1/f1_east_to_4108",""
"r_f1_east_to_4109","f1_east_gate","f1_room_4109","f1/f1_east_to_4109",""
"r_f1_east_to_4110","f1_east_gate","f1_room_4110","f1/f1_east_to_4110",""
"r_f1_east_to_4110_1","f1_east_gate","f1_room_4110_1","f1/f1_east_to_4110_1",""
"r_f1_east_to_4111","f1_east_gate","f1_room_4111","f1/f1_east_to_4111",""
"r_f1_east_to_4111_1","f1_east_gate","f1_room_4111_1","f1/f1_east_to_4111_1",""
"r_f1_east_to_4112","f1_east_gate","f1_room_4112","f1/f1_east_to_4112",""
"r_f1_east_to_4113","f1_east_gate","f1_room_4113","f1/f1_east_to_4113",""
"r_f1_east_to_4114","f1_east_gate","f1_room_4114","f1/f1_east_to_4114",""
"r_f1_east_to_4115","f1_east_gate","f1_room_4115","f1/f1_east_to_4115",""
"r_f1_east_to_4116","f1_east_gate","f1_room_4116","f1/f1_east_to_4116",""
"r_f1_east_to_center_stair","f1_east_gate","f1_middle_stair","f1/f1_east_to_center_stair",""
"r_f1_east_to_f1_south","f1_east_gate","f1_south_gate","f1/f1_east_to_f1_south",""
"r_f1_east_to_left_stair_4101","f1_east_gate","f1_left_stair_4101","f1/f1_east_to_left_stair_4101",""
"r_f1_east_to_left_stair_4108","f1_east_gate","f1_left_stair_4108","f1/f1_east_to_left_stair_4108",""
"r_f1_east_to_left_stair_4116","f1_east_gate","f1_stair_left_4116","f1/f1_east_to_left_stair_4116",""
"r_f1_east_to_right_stair_4102","f1_east_gate","f1_stair_right_4102","f1/f1_east_to_right_stair_4102",""
"r_f1_east_to_right_stair_4110","f1_east_gate","f1_stair_right_4110","f1/f1_east_to_right_stair_4110",""
"r_f1_east_to_right_stair_4111","f1_east_gate","f1_stair_right_4111","f1/f1_east_to_right_stair_4111",""
"r_f1_east_to_weak_room","f1_east_gate","f1_weak_room","f1/f1_east_to_weak_room",""
"r_f1_south_to_4101","f1_south_gate","f1_room_4101","f1/f1_south_to_4101",""
"r_f1_south_to_4102","f1_south_gate","f1_room_4102","f1/f1_south_to_4102",""
"r_f1_south_to_4103","f1_south_gate","f1_room_4103","f1/f1_south_to_4103",""
"r_f1_south_to_4104","f1_south_gate","f1_room_4104","f1/f1_south_to_4104",""
"r_f1_south_to_4105","f1_south_gate","f1_room_4105","f1/f1_south_to_4105",""
"r_f1_south_to_4106","f1_south_gate","f1_room_4106","f1/f1_south_to_4106",""
"r_f1_south_to_4107","f1_south_gate","f1_room_4107","f1/f1_south_to_4107",""
"r_f1_south_to_4108","f1_south_gate","f1_room_4108","f1/f1_south_to_4108",""
"r_f1_south_to_4109","f1_south_gate","f1_room_4109","f1/f1_south_to_4109",""
"r_f1_south_to_4110","f1_south_gate","f1_room_4110","f1/f1_south_to_4110",""
"r_f1_south_to_4110_1","f1_south_gate","f1_room_4110_1","f1/f1_south_to_4110_1",""
"r_f1_south_to_4111","f1_south_gate","f1_room_4111","f1/f1_south_to_4111",""
"r_f1_south_to_4111_1","f1_south_gate","f1_room_4111_1","f1/f1_south_to_4111_1",""
"r_f1_south_to_4112","f1_south_gate","f1_room_4112","f1/f1_south_to_4112",""
"r_f1_south_to_4113","f1_south_gate","f1_room_4113","f1/f1_south_to_4113",""
"r_f1_south_to_4114","f1_south_gate","f1_room_4114","f1/f1_south_to_4114",""
"r_f1_south_to_4115","f1_south_gate","f1_room_4115","f1/f1_south_to_4115",""
"r_f1_south_to_4116","f1_south_gate","f1_room_4116","f1/f1_south_to_4116",""
"r_f1_south_to_center_stair","f1_south_gate","f1_middle_stair","f1/f1_south_to_center_stair",""
"r_f1_south_to_f1_east","f1_south_gate","f1_east_gate","f1/f1_south_to_f1_east",""
"r_f1_south_to_left_stair_4101","f1_south_gate","f1_left_stair_4101","f1/f1_south_to_left_stair_4101",""
"r_f1_south_to_left_stair_4108","f1_south_gate","f1_left_stair_4108","f1/f1_south_to_left_stair_4108",""
"r_f1_south_to_left_stair_4116","f1_south_gate","f1_stair_left_4116","f1/f1_south_to_left_stair_4116",""
"r_f1_south_to_right_stair_4102","f1_south_gate","f1_stair_right_4102","f1/f1_south_to_right_stair_4102",""
"r_f1_south_to_right_stair_4110","f1_south_gate","f1_stair_right_4110","f1/f1_south_to_right_stair_4110",""
"r_f1_south_to_right_stair_4111","f1_south_gate","f1_stair_right_4111","f1/f1_south_to_right_stair_4111",""
"r_f1_south_to_weak_room","f1_south_gate","f1_weak_room","f1/f1_south_to_weak_room",""
"r_f2_n_to_4201","f2_n_stair","f2_room_4201","f2/f2_n_to_4201",""
"r_f2_n_to_4202","f2_n_stair","f2_room_4202","f2/f2_n_to_4202",""
"r_f2_n_to_4203","f2_n_stair","f2_room_4203","f2/f2_n_to_4203",""
"r_f2_n_to_4204","f2_n_stair","f2_room_4204","f2/f2_n_to_4204",""
"r_f2_n_to_4205","f2_n_stair","f2_room_4205","f2/f2_n_to_4205",""
"r_f2_n_to_4206","f2_n_stair","f2_room_4206","f2/f2_n_to_4206",""
"r_f2_n_to_4207","f2_n_stair","f2_room_4207","f2/f2_n_to_4207",""
"r_f2_n_to_4208","f2_n_stair","f2_room_4208","f2/f2_n_to_4208",""
"r_f2_n_to_4209","f2_n_stair","f2_room_4209","f2/f2_n_to_4209",""
"r_f2_n_to_4210","f2_n_stair","f2_room_4210","f2/f2_n_to_4210",""
"r_f2_n_to_4211","f2_n_stair","f2_room_4211","f2/f2_n_to_4211",""
"r_f2_n_to_4211_1","f2_n_stair","f2_room_4211_1","f2/f2_n_to_4211_1",""
"r_f2_n_to_4212","f2_n_stair","f2_room_4212","f2/f2_n_to_4212",""
"r_f2_n_to_4213","f2_n_stair","f2_room_4213","f2/f2_n_to_4213",""
"r_f2_n_to_4214","f2_n_stair","f2_room_4214","f2/f2_n_to_4214",""
"r_f2_n_to_4215","f2_n_stair","f2_room_4215","f2/f2_n_to_4215",""
"r_f2_n_to_4216","f2_n_stair","f2_room_4216","f2/f2_n_to_4216",""
"r_f2_n_to_f2_ne","f2_n_stair","f2_ne_stair","f2/f2_n_to_f2_ne",""
"r_f2_n_to_f2_nw","f2_n_stair","f2_nw_stair","f2/f2_n_to_f2_nw",""
"r_f2_n_to_f2_s_e","f2_n_stair","f2_s_stair_e","f2/f2_n_to_f2_s_e",""
"r_f2_n_to_f2_s_w","f2_n_stair","f2_s_stair_w","f2/f2_n_to_f2_s_w",""
"r_f2_n_to_f2_se","f2_n_stair","f2_se_stair","f2/f2_n_to_f2_se",""
"r_f2_n_to_f2_sw","f2_n_stair","f2_sw_stair","f2/f2_n_to_f2_sw",""
"r_f2_ne_to_4201","f2_ne_stair","f2_room_4201","f2/f2_ne_to_4201",""
"r_f2_ne_to_4202","f2_ne_stair","f2_room_4202","f2/f2_ne_to_4202",""
"r_f2_ne_to_4203","f2_ne_stair","f2_room_4203","f2/f2_ne_to_4203",""
"r_f2_ne_to_4204","f2_ne_stair","f2_room_4204","f2/f2_ne_to_4204",""
"r_f2_ne_to_4205","f2_ne_stair","f2_room_4205","f2/f2_ne_to_4205",""
"r_f2_ne_to_4206","f2_ne_stair","f2_room_4206","f2/f2_ne_to_4206",""
"r_f2_ne_to_4207","f2_ne_stair","f2_room_4207","f2/f2_ne_to_4207",""
"r_f2_ne_to_4208","f2_ne_stair","f2_room_4208","f2/f2_ne_to_4208",""
"r_f2_ne_to_4209","f2_ne_stair","f2_room_4209","f2/f2_ne_to_4209",""
"r_f2_ne_to_4210","f2_ne_stair","f2_room_4210","f2/f2_ne_to_4210",""
"r_f2_ne_to_4211","f2_ne_stair","f2_room_4211","f2/f2_ne_to_4211",""
"r_f2_ne_to_4211_1","f2_ne_stair","f2_room_4211_1","f2/f2_ne_to_4211_1",""
"r_f2_ne_to_4212","f2_ne_stair","f2_room_4212","f2/f2_ne_to_4212",""
"r_f2_ne_to_4213","f2_ne_stair","f2_room_4213","f2/f2_ne_to_4213",""
"r_f2_ne_to_4214","f2_ne_stair","f2_room_4214","f2/f2_ne_to_4214",""
"r_f2_ne_to_4215","f2_ne_stair","f2_room_4215","f2/f2_ne_to_4215",""
"r_f2_ne_to_4216","f2_ne_stair","f2_room_4216","f2/f2_ne_to_4216",""
"r_f2_ne_to_f2_n","f2_ne_stair","f2_n_stair","f2/f2_ne_to_f2_n",""
"r_f2_ne_to_f2_nw","f2_ne_stair","f2_nw_stair","f2/f2_ne_to_f2_nw",""
"r_f2_ne_to_f2_s_e","f2_ne_stair","f2_s_stair_e","f2/f2_ne_to_f2_s_e",""
"r_f2_ne_to_f2_s_w","f2_ne_stair","f2_s_stair_w","f2/f2_ne_to_f2_s_w",""
"r_f2_ne_to_f2_se","f2_ne_stair","f2_se_stair","f2/f2_ne_to_f2_se",""
"r_f2_ne_to_f2_sw","f2_ne_stair","f2_sw_stair","f2/f2_ne_to_f2_sw",""
"r_f2_nw_to_4201","f2_nw_stair","f2_room_4201","f2/f2_nw_to_4201",""
"r_f2_nw_to_4202","f2_nw_stair","f2_room_4202","f2/f2_nw_to_4202",""
"r_f2_nw_to_4203","f2_nw_stair","f2_room_4203","f2/f2_nw_to_4203",""
"r_f2_nw_to_4204","f2_nw_stair","f2_room_4204","f2/f2_nw_to_4204",""
"r_f2_nw_to_4205","f2_nw_stair","f2_room_4205","f2/f2_nw_to_4205",""
"r_f2_nw_to_4206","f2_nw_stair","f2_room_4206","f2/f2_nw_to_4206",""
"r_f2_nw_to_4207","f2_nw_stair","f2_room_4207","f2/f2_nw_to_4207",""
"r_f2_nw_to_4208","f2_nw_stair","f2_room_4208","f2/f2_nw_to_4208",""
"r_f2_nw_to_4209","f2_nw_stair","f2_room_4209","f2/f2_nw_to_4209",""
"r_f2_nw_to_4210","f2_nw_stair","f2_room_4210","f2/f2_nw_to_4210",""
"r_f2_nw_to_4211","f2_nw_stair","f2_room_4211","f2/f2_nw_to_4211",""
"r_f2_nw_to_4211_1","f2_nw_stair","f2_room_4211_1","f2/f2_nw_to_4211_1",""
"r_f2_nw_to_4212","f2_nw_stair","f2_room_4212","f2/f2_nw_to_4212",""
"r_f2_nw_to_4213","f2_nw_stair","f2_room_4213","f2/f2_nw_to_4213",""
"r_f2_nw_to_4214","f2_nw_stair","f2_room_4214","f2/f2_nw_to_4214",""
"r_f2_nw_to_4215","f2_nw_stair","f2_room_4215","f2/f2_nw_to_4215",""
"r_f2_nw_to_4216","f2_nw_stair","f2_room_4216","f2/f2_nw_to_4216",""
"r_f2_nw_to_f2_n","f2_nw_stair","f2_n_stair","f2/f2_nw_to_f2_n",""
"r_f2_nw_to_f2_ne","f2_nw_stair","f2_ne_stair","f2/f2_nw_to_f2_ne",""
"r_f2_nw_to_f2_s_e","f2_nw_stair","f2_s_stair_e","f2/f2_nw_to_f2_s_e",""
"r_f2_nw_to_f2_s_w","f2_nw_stair","f2_s_stair_w","f2/f2_nw_to_f2_s_w",""
"r_f2_nw_to_f2_se","f2_nw_stair","f2_se_stair","f2/f2_nw_to_f2_se",""
"r_f2_nw_to_f2_sw","f2_nw_stair","f2_sw_stair","f2/f2_nw_to_f2_sw",""
"r_f2_s_e_to_4201","f2_s_stair_e","f2_room_4201","f2/f2_s_e_to_4201",""
"r_f2_s_e_to_4202","f2_s_stair_e","f2_room_4202","f2/f2_s_e_to_4202",""
"r_f2_s_e_to_4203","f2_s_stair_e","f2_room_4203","f2/f2_s_e_to_4203",""
"r_f2_s_e_to_4204","f2_s_stair_e","f2_room_4204","f2/f2_s_e_to_4204",""
"r_f2_s_e_to_4205","f2_s_stair_e","f2_room_4205","f2/f2_s_e_to_4205",""
"r_f2_s_e_to_4206","f2_s_stair_e","f2_room_4206","f2/f2_s_e_to_4206",""
"r_f2_s_e_to_4207","f2_s_stair_e","f2_room_4207","f2/f2_s_e_to_4207",""
"r_f2_s_e_to_4208","f2_s_stair_e","f2_room_4208","f2/f2_s_e_to_4208",""
"r_f2_s_e_to_4209","f2_s_stair_e","f2_room_4209","f2/f2_s_e_to_4209",""
"r_f2_s_e_to_4210","f2_s_stair_e","f2_room_4210","f2/f2_s_e_to_4210",""
"r_f2_s_e_to_4211","f2_s_stair_e","f2_room_4211","f2/f2_s_e_to_4211",""
"r_f2_s_e_to_4211_1","f2_s_stair_e","f2_room_4211_1","f2/f2_s_e_to_4211_1",""
"r_f2_s_e_to_4212","f2_s_stair_e","f2_room_4212","f2/f2_s_e_to_4212",""
"r_f2_s_e_to_4213","f2_s_stair_e","f2_room_4213","f2/f2_s_e_to_4213",""
"r_f2_s_e_to_4214","f2_s_stair_e","f2_room_4214","f2/f2_s_e_to_4214",""
"r_f2_s_e_to_4215","f2_s_stair_e","f2_room_4215","f2/f2_s_e_to_4215",""
"r_f2_s_e_to_4216","f2_s_stair_e","f2_room_4216","f2/f2_s_e_to_4216",""
"r_f2_s_e_to_f2_n","f2_s_stair_e","f2_n_stair","f2/f2_s_e_to_f2_n",""
"r_f2_s_e_to_f2_ne","f2_s_stair_e","f2_ne_stair","f2/f2_s_e_to_f2_ne",""
"r_f2_s_e_to_f2_nw","f2_s_stair_e","f2_nw_stair","f2/f2_s_e_to_f2_nw",""
"r_f2_s_e_to_f2_s_w","f2_s_stair_e","f2_s_stair_w","f2/f2_s_e_to_f2_s_w",""
"r_f2_s_e_to_f2_se","f2_s_stair_e","f2_se_stair","f2/f2_s_e_to_f2_se",""
"r_f2_s_e_to_f2_sw","f2_s_stair_e","f2_sw_stair","f2/f2_s_e_to_f2_sw",""
"r_f2_s_w_to_4201","f2_s_stair_w","f2_room_4201","f2/f2_s_w_to_4201",""
"r_f2_s_w_to_4202","f2_s_stair_w","f2_room_4202","f2/f2_s_w_to_4202",""
"r_f2_s_w_to_4203","f2_s_stair_w","f2_room_4203","f2/f2_s_w_to_4203",""
"r_f2_s_w_to_4204","f2_s_stair_w","f2_room_4204","f2/f2_s_w_to_4204",""
"r_f2_s_w_to_4205","f2_s_stair_w","f2_room_4205","f2/f2_s_w_to_4205",""
"r_f2_s_w_to_4206","f2_s_stair_w","f2_room_4206","f2/f2_s_w_to_4206",""
"r_f2_s_w_to_4207","f2_s_stair_w","f2_room_4207","f2/f2_s_w_to_4207",""
"r_f2_s_w_to_4208","f2_s_stair_w","f2_room_4208","f2/f2_s_w_to_4208",""
"r_f2_s_w_to_4209","f2_s_stair_w","f2_room_4209","f2/f2_s_w_to_4209",""
"r_f2_s_w_to_4210","f2_s_stair_w","f2_room_4210","f2/f2_s_w_to_4210",""
"r_f2_s_w_to_4211","f2_s_stair_w","f2_room_4211","f2/f2_s_w_to_4211",""
"r_f2_s_w_to_4211_1","f2_s_stair_w","f2_room_4211_1","f2/f2_s_w_to_4211_1",""
"r_f2_s_w_to_4212","f2_s_stair_w","f2_room_4212","f2/f2_s_w_to_4212",""
"r_f2_s_w_to_4213","f2_s_stair_w","f2_room_4213","f2/f2_s_w_to_4213",""
"r_f2_s_w_to_4214","f2_s_stair_w","f2_room_4214","f2/f2_s_w_to_4214",""
"r_f2_s_w_to_4215","f2_s_stair_w","f2_room_4215","f2/f2_s_w_to_4215",""
"r_f2_s_w_to_4216","f2_s_stair_w","f2_room_4216","f2/f2_s_w_to_4216",""
"r_f2_s_w_to_f2_n","f2_s_stair_w","f2_n_stair","f2/f2_s_w_to_f2_n",""
"r_f2_s_w_to_f2_ne","f2_s_stair_w","f2_ne_stair","f2/f2_s_w_to_f2_ne",""
"r_f2_s_w_to_f2_nw","f2_s_stair_w","f2_nw_stair","f2/f2_s_w_to_f2_nw",""
"r_f2_s_w_to_f2_s_e","f2_s_stair_w","f2_s_stair_e","f2/f2_s_w_to_f2_s_e",""
"r_f2_s_w_to_f2_se","f2_s_stair_w","f2_se_stair","f2/f2_s_w_to_f2_se",""
"r_f2_s_w_to_f2_sw","f2_s_stair_w","f2_sw_stair","f2/f2_s_w_to_f2_sw",""
"r_f2_se_to_4201","f2_se_stair","f2_room_4201","f2/f2_se_to_4201",""
"r_f2_se_to_4202","f2_se_stair","f2_room_4202","f2/f2_se_to_4202",""
"r_f2_se_to_4203","f2_se_stair","f2_room_4203","f2/f2_se_to_4203",""
"r_f2_se_to_4204","f2_se_stair","f2_room_4204","f2/f2_se_to_4204",""
"r_f2_se_to_4205","f2_se_stair","f2_room_4205","f2/f2_se_to_4205",""
"r_f2_se_to_4206","f2_se_stair","f2_room_4206","f2/f2_se_to_4206",""
"r_f2_se_to_4207","f2_se_stair","f2_room_4207","f2/f2_se_to_4207",""
"r_f2_se_to_4208","f2_se_stair","f2_room_4208","f2/f2_se_to_4208",""
"r_f2_se_to_4209","f2_se_stair","f2_room_4209","f2/f2_se_to_4209",""
"r_f2_se_to_4210","f2_se_stair","f2_room_4210","f2/f2_se_to_4210",""
"r_f2_se_to_4211","f2_se_stair","f2_room_4211","f2/f2_se_to_4211",""
"r_f2_se_to_4211_1","f2_se_stair","f2_room_4211_1","f2/f2_se_to_4211_1",""
"r_f2_se_to_4212","f2_se_stair","f2_room_4212","f2/f2_se_to_4212",""
"r_f2_se_to_4213","f2_se_stair","f2_room_4213","f2/f2_se_to_4213",""
"r_f2_se_to_4214","f2_se_stair","f2_room_4214","f2/f2_se_to_4214",""
"r_f2_se_to_4215","f2_se_stair","f2_room_4215","f2/f2_se_to_4215",""
"r_f2_se_to_4216","f2_se_stair","f2_room_4216","f2/f2_se_to_4216",""
"r_f2_se_to_f2_n","f2_se_stair","f2_n_stair","f2/f2_se_to_f2_n",""
"r_f2_se_to_f2_ne","f2_se_stair","f2_ne_stair","f2/f2_se_to_f2_ne",""
"r_f2_se_to_f2_nw","f2_se_stair","f2_nw_stair","f2/f2_se_to_f2_nw",""
"r_f2_se_to_f2_s_e","f2_se_stair","f2_s_stair_e","f2/f2_se_to_f2_s_e",""
"r_f2_se_to_f2_s_w","f2_se_stair","f2_s_stair_w","f2/f2_se_to_f2_s_w",""
"r_f2_se_to_f2_sw","f2_se_stair","f2_sw_stair","f2/f2_se_to_f2_sw",""
"r_f2_sw_to_4201","f2_sw_stair","f2_room_4201","f2/f2_sw_to_4201",""
"r_f2_sw_to_4202","f2_sw_stair","f2_room_4202","f2/f2_sw_to_4202",""
"r_f2_sw_to_4203","f2_sw_stair","f2_room_4203","f2/f2_sw_to_4203",""
"r_f2_sw_to_4204","f2_sw_stair","f2_room_4204","f2/f2_sw_to_4204",""
"r_f2_sw_to_4205","f2_sw_stair","f2_room_4205","f2/f2_sw_to_4205",""
"r_f2_sw_to_4206","f2_sw_stair","f2_room_4206","f2/f2_sw_to_4206",""
"r_f2_sw_to_4207","f2_sw_stair","f2_room_4207","f2/f2_sw_to_4207",""
"r_f2_sw_to_4208","f2_sw_stair","f2_room_4208","f2/f2_sw_to_4208",""
"r_f2_sw_to_4209","f2_sw_stair","f2_room_4209","f2/f2_sw_to_4209",""
"r_f2_sw_to_4210","f2_sw_stair","f2_room_4210","f2/f2_sw_to_4210",""
"r_f2_sw_to_4211","f2_sw_stair","f2_room_4211","f2/f2_sw_to_4211",""
"r_f2_sw_to_4211_1","f2_sw_stair","f2_room_4211_1","f2/f2_sw_to_4211_1",""
"r_f2_sw_to_4212","f2_sw_stair","f2_room_4212","f2/f2_sw_to_4212",""
"r_f2_sw_to_4213","f2_sw_stair","f2_room_4213","f2/f2_sw_to_4213",""
"r_f2_sw_to_4214","f2_sw_stair","f2_room_4214","f2/f2_sw_to_4214",""
"r_f2_sw_to_4215","f2_sw_stair","f2_room_4215","f2/f2_sw_to_4215",""
"r_f2_sw_to_4216","f2_sw_stair","f2_room_4216","f2/f2_sw_to_4216",""
"r_f2_sw_to_f2_n","f2_sw_stair","f2_n_stair","f2/f2_sw_to_f2_n",""
"r_f2_sw_to_f2_ne","f2_sw_stair","f2_ne_stair","f2/f2_sw_to_f2_ne",""
"r_f2_sw_to_f2_nw","f2_sw_stair","f2_nw_stair","f2/f2_sw_to_f2_nw",""
"r_f2_sw_to_f2_s_e","f2_sw_stair","f2_s_stair_e","f2/f2_sw_to_f2_s_e",""
"r_f2_sw_to_f2_s_w","f2_sw_stair","f2_s_stair_w","f2/f2_sw_to_f2_s_w",""
"r_f2_sw_to_f2_se","f2_sw_stair","f2_se_stair","f2/f2_sw_to_f2_se",""
"r_f3_n_to_4301","f3_n_stair","f3_room_4301","f3/f3_n_to_4301",""
"r_f3_n_to_4302","f3_n_stair","f3_room_4302","f3/f3_n_to_4302",""
"r_f3_n_to_4303","f3_n_stair","f3_room_4303","f3/f3_n_to_4303",""
"r_f3_n_to_4304","f3_n_stair","f3_room_4304","f3/f3_n_to_4304",""
"r_f3_n_to_4305_1","f3_n_stair","f3_room_4305_1","f3/f3_n_to_4305_1",""
"r_f3_n_to_4305_2","f3_n_stair","f3_room_4305_2","f3/f3_n_to_4305_2",""
"r_f3_n_to_4306","f3_n_stair","f3_room_4306","f3/f3_n_to_4306",""
"r_f3_n_to_4307_1","f3_n_stair","f3_room_4307_1","f3/f3_n_to_4307_1",""
"r_f3_n_to_4307_2","f3_n_stair","f3_room_4307_2","f3/f3_n_to_4307_2",""
"r_f3_n_to_4308_1","f3_n_stair","f3_room_4308_1","f3/f3_n_to_4308_1",""
"r_f3_n_to_4308_2","f3_n_stair","f3_room_4308_2","f3/f3_n_to_4308_2",""
"r_f3_n_to_4309_1","f3_n_stair","f3_room_4309_1","f3/f3_n_to_4309_1",""
"r_f3_n_to_4309_2","f3_n_stair","f3_room_4309_2","f3/f3_n_to_4309_2",""
"r_f3_n_to_4310_1","f3_n_stair","f3_room_4310_1","f3/f3_n_to_4310_1",""
"r_f3_n_to_4310_2","f3_n_stair","f3_room_4310_2","f3/f3_n_to_4310_2",""
"r_f3_n_to_4311","f3_n_stair","f3_room_4311","f3/f3_n_to_4311",""
"r_f3_n_to_4312","f3_n_stair","f3_room_4312","f3/f3_n_to_4312",""
"r_f3_n_to_4313","f3_n_stair","f3_room_4313","f3/f3_n_to_4313",""
"r_f3_n_to_4314","f3_n_stair","f3_room_4314","f3/f3_n_to_4314",""
"r_f3_n_to_4315","f3_n_stair","f3_room_4315","f3/f3_n_to_4315",""
"r_f3_n_to_4316","f3_n_stair","f3_room_4316","f3/f3_n_to_4316",""
"r_f3_n_to_4317","f3_n_stair","f3_room_4317","f3/f3_n_to_4317",""
"r_f3_n_to_4318","f3_n_stair","f3_room_4318","f3/f3_n_to_4318",""
"r_f3_n_to_4319","f3_n_stair","f3_room_4319","f3/f3_n_to_4319",""
"r_f3_n_to_f3_ne","f3_n_stair","f3_ne_stair","f3/f3_n_to_f3_ne",""
"r_f3_n_to_f3_nw","f3_n_stair","f3_nw_stair","f3/f3_n_to_f3_nw",""
"r_f3_n_to_f3_s_e","f3_n_stair","f3_s_stair_e","f3/f3_n_to_f3_s_e",""
"r_f3_n_to_f3_s_w","f3_n_stair","f3_s_stair_w","f3/f3_n_to_f3_s_w",""
"r_f3_n_to_f3_se","f3_n_stair","f3_se_stair","f3/f3_n_to_f3_se",""
"r_f3_n_to_f3_sw","f3_n_stair","f3_sw_stair","f3/f3_n_to_f3_sw",""
"r_f3_ne_to_4301","f3_ne_stair","f3_room_4301","f3/f3_ne_to_4301",""
"r_f3_ne_to_4302","f3_ne_stair","f3_room_4302","f3/f3_ne_to_4302",""
"r_f3_ne_to_4303","f3_ne_stair","f3_room_4303","f3/f3_ne_to_4303",""
"r_f3_ne_to_4304","f3_ne_stair","f3_room_4304","f3/f3_ne_to_4304",""
"r_f3_ne_to_4305_1","f3_ne_stair","f3_room_4305_1","f3/f3_ne_to_4305_1",""
"r_f3_ne_to_4305_2","f3_ne_stair","f3_room_4305_2","f3/f3_ne_to_4305_2",""
"r_f3_ne_to_4306","f3_ne_stair","f3_room_4306","f3/f3_ne_to_4306",""
"r_f3_ne_to_4307_1","f3_ne_stair","f3_room_4307_1","f3/f3_ne_to_4307_1",""
"r_f3_ne_to_4307_2","f3_ne_stair","f3_room_4307_2","f3/f3_ne_to_4307_2",""
"r_f3_ne_to_4308_1","f3_ne_stair","f3_room_4308_1","f3/f3_ne_to_4308_1",""
"r_f3_ne_to_4308_2","f3_ne_stair","f3_room_4308_2","f3/f3_ne_to_4308_2",""
"r_f3_ne_to_4309_1","f3_ne_stair","f3_room_4309_1","f3/f3_ne_to_4309_1",""
"r_f3_ne_to_4309_2","f3_ne_stair","f3_room_4309_2","f3/f3_ne_to_4309_2",""
"r_f3_ne_to_4310_1","f3_ne_stair","f3_room_4310_1","f3/f3_ne_to_4310_1",""
"r_f3_ne_to_4310_2","f3_ne_stair","f3_room_4310_2","f3/f3_ne_to_4310_2",""
"r_f3_ne_to_4311","f3_ne_stair","f3_room_4311","f3/f3_ne_to_4311",""
"r_f3_ne_to_4312","f3_ne_stair","f3_room_4312","f3/f3_ne_to_4312",""
"r_f3_ne_to_4313","f3_ne_stair","f3_room_4313","f3/f3_ne_to_4313",""
"r_f3_ne_to_4314","f3_ne_stair","f3_room_4314","f3/f3_ne_to_4314",""
"r_f3_ne_to_4315","f3_ne_stair","f3_room_4315","f3/f3_ne_to_4315",""
"r_f3_ne_to_4316","f3_ne_stair","f3_room_4316","f3/f3_ne_to_4316",""
"r_f3_ne_to_4317","f3_ne_stair","f3_room_4317","f3/f3_ne_to_4317",""
"r_f3_ne_to_4318","f3_ne_stair","f3_room_4318","f3/f3_ne_to_4318",""
"r_f3_ne_to_4319","f3_ne_stair","f3_room_4319","f3/f3_ne_to_4319",""
"r_f3_ne_to_f3_n","f3_ne_stair","f3_n_stair","f3/f3_ne_to_f3_n",""
"r_f3_ne_to_f3_nw","f3_ne_stair","f3_nw_stair","f3/f3_ne_to_f3_nw",""
"r_f3_ne_to_f3_s_e","f3_ne_stair","f3_s_stair_e","f3/f3_ne_to_f3_s_e",""
"r_f3_ne_to_f3_s_w","f3_ne_stair","f3_s_stair_w","f3/f3_ne_to_f3_s_w",""
"r_f3_ne_to_f3_se","f3_ne_stair","f3_se_stair","f3/f3_ne_to_f3_se",""
"r_f3_ne_to_f3_sw","f3_ne_stair","f3_sw_stair","f3/f3_ne_to_f3_sw",""
"r_f3_nw_to_4301","f3_nw_stair","f3_room_4301","f3/f3_nw_to_4301",""
"r_f3_nw_to_4302","f3_nw_stair","f3_room_4302","f3/f3_nw_to_4302",""
"r_f3_nw_to_4303","f3_nw_stair","f3_room_4303","f3/f3_nw_to_4303",""
"r_f3_nw_to_4304","f3_nw_stair","f3_room_4304","f3/f3_nw_to_4304",""
"r_f3_nw_to_4305_1","f3_nw_stair","f3_room_4305_1","f3/f3_nw_to_4305_1",""
"r_f3_nw_to_4305_2","f3_nw_stair","f3_room_4305_2","f3/f3_nw_to_4305_2",""
"r_f3_nw_to_4306","f3_nw_stair","f3_room_4306","f3/f3_nw_to_4306",""
"r_f3_nw_to_4307_1","f3_nw_stair","f3_room_4307_1","f3/f3_nw_to_4307_1",""
"r_f3_nw_to_4307_2","f3_nw_stair","f3_room_4307_2","f3/f3_nw_to_4307_2",""
"r_f3_nw_to_4308_1","f3_nw_stair","f3_room_4308_1","f3/f3_nw_to_4308_1",""
"r_f3_nw_to_4308_2","f3_nw_stair","f3_room_4308_2","f3/f3_nw_to_4308_2",""
"r_f3_nw_to_4309_1","f3_nw_stair","f3_room_4309_1","f3/f3_nw_to_4309_1",""
"r_f3_nw_to_4309_2","f3_nw_stair","f3_room_4309_2","f3/f3_nw_to_4309_2",""
"r_f3_nw_to_4310_1","f3_nw_stair","f3_room_4310_1","f3/f3_nw_to_4310_1",""
"r_f3_nw_to_4310_2","f3_nw_stair","f3_room_4310_2","f3/f3_nw_to_4310_2",""
"r_f3_nw_to_4311","f3_nw_stair","f3_room_4311","f3/f3_nw_to_4311",""
"r_f3_nw_to_4312","f3_nw_stair","f3_room_4312","f3/f3_nw_to_4312",""
"r_f3_nw_to_4313","f3_nw_stair","f3_room_4313","f3/f3_nw_to_4313",""
"r_f3_nw_to_4314","f3_nw_stair","f3_room_4314","f3/f3_nw_to_4314",""
"r_f3_nw_to_4315","f3_nw_stair","f3_room_4315","f3/f3_nw_to_4315",""
"r_f3_nw_to_4316","f3_nw_stair","f3_room_4316","f3/f3_nw_to_4316",""
"r_f3_nw_to_4317","f3_nw_stair","f3_room_4317","f3/f3_nw_to_4317",""
"r_f3_nw_to_4318","f3_nw_stair","f3_room_4318","f3/f3_nw_to_4318",""
"r_f3_nw_to_4319","f3_nw_stair","f3_room_4319","f3/f3_nw_to_4319",""
"r_f3_nw_to_f3_n","f3_nw_stair","f3_n_stair","f3/f3_nw_to_f3_n",""
"r_f3_nw_to_f3_ne","f3_nw_stair","f3_ne_stair","f3/f3_nw_to_f3_ne",""
"r_f3_nw_to_f3_s_e","f3_nw_stair","f3_s_stair_e","f3/f3_nw_to_f3_s_e",""
"r_f3_nw_to_f3_s_w","f3_nw_stair","f3_s_stair_w","f3/f3_nw_to_f3_s_w",""
"r_f3_nw_to_f3_se","f3_nw_stair","f3_se_stair","f3/f3_nw_to_f3_se",""
"r_f3_nw_to_f3_sw","f3_nw_stair","f3_sw_stair","f3/f3_nw_to_f3_sw",""
"r_f3_s_e_to_4301","f3_s_stair_e","f3_room_4301","f3/f3_s_e_to_4301",""
"r_f3_s_e_to_4302","f3_s_stair_e","f3_room_4302","f3/f3_s_e_to_4302",""
"r_f3_s_e_to_4303","f3_s_stair_e","f3_room_4303","f3/f3_s_e_to_4303",""
"r_f3_s_e_to_4304","f3_s_stair_e","f3_room_4304","f3/f3_s_e_to_4304",""
"r_f3_s_e_to_4305_1","f3_s_stair_e","f3_room_4305_1","f3/f3_s_e_to_4305_1",""
"r_f3_s_e_to_4305_2","f3_s_stair_e","f3_room_4305_2","f3/f3_s_e_to_4305_2",""
"r_f3_s_e_to_4306","f3_s_stair_e","f3_room_4306","f3/f3_s_e_to_4306",""
"r_f3_s_e_to_4307_1","f3_s_stair_e","f3_room_4307_1","f3/f3_s_e_to_4307_1",""
"r_f3_s_e_to_4307_2","f3_s_stair_e","f3_room_4307_2","f3/f3_s_e_to_4307_2",""
"r_f3_s_e_to_4308_1","f3_s_stair_e","f3_room_4308_1","f3/f3_s_e_to_4308_1",""
"r_f3_s_e_to_4308_2","f3_s_stair_e","f3_room_4308_2","f3/f3_s_e_to_4308_2",""
"r_f3_s_e_to_4309_1","f3_s_stair_e","f3_room_4309_1","f3/f3_s_e_to_4309_1",""
"r_f3_s_e_to_4309_2","f3_s_stair_e","f3_room_4309_2","f3/f3_s_e_to_4309_2",""
"r_f3_s_e_to_4310_1","f3_s_stair_e","f3_room_4310_1","f3/f3_s_e_to_4310_1",""
"r_f3_s_e_to_4310_2","f3_s_stair_e","f3_room_4310_2","f3/f3_s_e_to_4310_2",""
"r_f3_s_e_to_4311","f3_s_stair_e","f3_room_4311","f3/f3_s_e_to_4311",""
"r_f3_s_e_to_4312","f3_s_stair_e","f3_room_4312","f3/f3_s_e_to_4312",""
"r_f3_s_e_to_4313","f3_s_stair_e","f3_room_4313","f3/f3_s_e_to_4313",""
"r_f3_s_e_to_4314","f3_s_stair_e","f3_room_4314","f3/f3_s_e_to_4314",""
"r_f3_s_e_to_4315","f3_s_stair_e","f3_room_4315","f3/f3_s_e_to_4315",""
"r_f3_s_e_to_4316","f3_s_stair_e","f3_room_4316","f3/f3_s_e_to_4316",""
"r_f3_s_e_to_4317","f3_s_stair_e","f3_room_4317","f3/f3_s_e_to_4317",""
"r_f3_s_e_to_4318","f3_s_stair_e","f3_room_4318","f3/f3_s_e_to_4318",""
"r_f3_s_e_to_4319","f3_s_stair_e","f3_room_4319","f3/f3_s_e_to_4319",""
"r_f3_s_e_to_f3_n","f3_s_stair_e","f3_n_stair","f3/f3_s_e_to_f3_n",""
"r_f3_s_e_to_f3_ne","f3_s_stair_e","f3_ne_stair","f3/f3_s_e_to_f3_ne",""
"r_f3_s_e_to_f3_nw","f3_s_stair_e","f3_nw_stair","f3/f3_s_e_to_f3_nw",""
"r_f3_s_e_to_f3_s_w","f3_s_stair_e","f3_s_stair_w","f3/f3_s_e_to_f3_s_w",""
"r_f3_s_e_to_f3_se","f3_s_stair_e","f3_se_stair","f3/f3_s_e_to_f3_se",""
"r_f3_s_e_to_f3_sw","f3_s_stair_e","f3_sw_stair","f3/f3_s_e_to_f3_sw",""
"r_f3_s_w_to_4301","f3_s_stair_w","f3_room_4301","f3/f3_s_w_to_4301",""
"r_f3_s_w_to_4302","f3_s_stair_w","f3_room_4302","f3/f3_s_w_to_4302",""
"r_f3_s_w_to_4303","f3_s_stair_w","f3_room_4303","f3/f3_s_w_to_4303",""
"r_f3_s_w_to_4304","f3_s_stair_w","f3_room_4304","f3/f3_s_w_to_4304",""
"r_f3_s_w_to_4305_1","f3_s_stair_w","f3_room_4305_1","f3/f3_s_w_to_4305_1",""
"r_f3_s_w_to_4305_2","f3_s_stair_w","f3_room_4305_2","f3/f3_s_w_to_4305_2",""
"r_f3_s_w_to_4306","f3_s_stair_w","f3_room_4306","f3/f3_s_w_to_4306",""
"r_f3_s_w_to_4307_1","f3_s_stair_w","f3_room_4307_1","f3/f3_s_w_to_4307_1",""
"r_f3_s_w_to_4307_2","f3_s_stair_w","f3_room_4307_2","f3/f3_s_w_to_4307_2",""
"r_f3_s_w_to_4308_1","f3_s_stair_w","f3_room_4308_1","f3/f3_s_w_to_4308_1",""
"r_f3_s_w_to_4308_2","f3_s_stair_w","f3_room_4308_2","f3/f3_s_w_to_4308_2",""
"r_f3_s_w_to_4309_1","f3_s_stair_w","f3_room_4309_1","f3/f3_s_w_to_4309_1",""
"r_f3_s_w_to_4309_2","f3_s_stair_w","f3_room_4309_2","f3/f3_s_w_to_4309_2",""
"r_f3_s_w_to_4310_1","f3_s_stair_w","f3_room_4310_1","f3/f3_s_w_to_4310_1",""
"r_f3_s_w_to_4310_2","f3_s_stair_w","f3_room_4310_2","f3/f3_s_w_to_4310_2",""
"r_f3_s_w_to_4311","f3_s_stair_w","f3_room_4311","f3/f3_s_w_to_4311",""
"r_f3_s_w_to_4312","f3_s_stair_w","f3_room_4312","f3/f3_s_w_to_4312",""
"r_f3_s_w_to_4313","f3_s_stair_w","f3_room_4313","f3/f3_s_w_to_4313",""
"r_f3_s_w_to_4314","f3_s_stair_w","f3_room_4314","f3/f3_s_w_to_4314",""
"r_f3_s_w_to_4315","f3_s_stair_w","f3_room_4315","f3/f3_s_w_to_4315",""
"r_f3_s_w_to_4316","f3_s_stair_w","f3_room_4316","f3/f3_s_w_to_4316",""
"r_f3_s_w_to_4317","f3_s_stair_w","f3_room_4317","f3/f3_s_w_to_4317",""
"r_f3_s_w_to_4318","f3_s_stair_w","f3_room_4318","f3/f3_s_w_to_4318",""
"r_f3_s_w_to_4319","f3_s_stair_w","f3_room_4319","f3/f3_s_w_to_4319",""
"r_f3_s_w_to_f3_n","f3_s_stair_w","f3_n_stair","f3/f3_s_w_to_f3_n",""
"r_f3_s_w_to_f3_ne","f3_s_stair_w","f3_ne_stair","f3/f3_s_w_to_f3_ne",""
"r_f3_s_w_to_f3_nw","f3_s_stair_w","f3_nw_stair","f3/f3_s_w_to_f3_nw",""
"r_f3_s_w_to_f3_s_e","f3_s_stair_w","f3_s_stair_e","f3/f3_s_w_to_f3_s_e",""
"r_f3_s_w_to_f3_se","f3_s_stair_w","f3_se_stair","f3/f3_s_w_to_f3_se",""
"r_f3_s_w_to_f3_sw","f3_s_stair_w","f3_sw_stair","f3/f3_s_w_to_f3_sw",""
"r_f3_se_to_4301","f3_se_stair","f3_room_4301","f3/f3_se_to_4301",""
"r_f3_se_to_4302","f3_se_stair","f3_room_4302","f3/f3_se_to_4302",""
"r_f3_se_to_4303","f3_se_stair","f3_room_4303","f3/f3_se_to_4303",""
"r_f3_se_to_4304","f3_se_stair","f3_room_4304","f3/f3_se_to_4304",""
"r_f3_se_to_4305_1","f3_se_stair","f3_room_4305_1","f3/f3_se_to_4305_1",""
"r_f3_se_to_4305_2","f3_se_stair","f3_room_4305_2","f3/f3_se_to_4305_2",""
"r_f3_se_to_4306","f3_se_stair","f3_room_4306","f3/f3_se_to_4306",""
"r_f3_se_to_4307_1","f3_se_stair","f3_room_4307_1","f3/f3_se_to_4307_1",""
"r_f3_se_to_4307_2","f3_se_stair","f3_room_4307_2","f3/f3_se_to_4307_2",""
"r_f3_se_to_4308_1","f3_se_stair","f3_room_4308_1","f3/f3_se_to_4308_1",""
"r_f3_se_to_4308_2","f3_se_stair","f3_room_4308_2","f3/f3_se_to_4308_2",""
"r_f3_se_to_4309_1","f3_se_stair","f3_room_4309_1","f3/f3_se_to_4309_1",""
"r_f3_se_to_4309_2","f3_se_stair","f3_room_4309_2","f3/f3_se_to_4309_2",""
"r_f3_se_to_4310_1","f3_se_stair","f3_room_4310_1","f3/f3_se_to_4310_1",""
"r_f3_se_to_4310_2","f3_se_stair","f3_room_4310_2","f3/f3_se_to_4310_2",""
"r_f3_se_to_4311","f3_se_stair","f3_room_4311","f3/f3_se_to_4311",""
"r_f3_se_to_4312","f3_se_stair","f3_room_4312","f3/f3_se_to_4312",""
"r_f3_se_to_4313","f3_se_stair","f3_room_4313","f3/f3_se_to_4313",""
"r_f3_se_to_4314","f3_se_stair","f3_room_4314","f3/f3_se_to_4314",""
"r_f3_se_to_4315","f3_se_stair","f3_room_4315","f3/f3_se_to_4315",""
"r_f3_se_to_4316","f3_se_stair","f3_room_4316","f3/f3_se_to_4316",""
"r_f3_se_to_4317","f3_se_stair","f3_room_4317","f3/f3_se_to_4317",""
"r_f3_se_to_4318","f3_se_stair","f3_room_4318","f3/f3_se_to_4318",""
"r_f3_se_to_4319","f3_se_stair","f3_room_4319","f3/f3_se_to_4319",""
"r_f3_se_to_f3_n","f3_se_stair","f3_n_stair","f3/f3_se_to_f3_n",""
"r_f3_se_to_f3_ne","f3_se_stair","f3_ne_stair","f3/f3_se_to_f3_ne",""
"r_f3_se_to_f3_nw","f3_se_stair","f3_nw_stair","f3/f3_se_to_f3_nw",""
"r_f3_se_to_f3_s_e","f3_se_stair","f3_s_stair_e","f3/f3_se_to_f3_s_e",""
"r_f3_se_to_f3_s_w","f3_se_stair","f3_s_stair_w","f3/f3_se_to_f3_s_w",""
"r_f3_se_to_f3_sw","f3_se_stair","f3_sw_stair","f3/f3_se_to_f3_sw",""
"r_f3_sw_to_4301","f3_sw_stair","f3_room_4301","f3/f3_sw_to_4301",""
"r_f3_sw_to_4302","f3_sw_stair","f3_room_4302","f3/f3_sw_to_4302",""
"r_f3_sw_to_4303","f3_sw_stair","f3_room_4303","f3/f3_sw_to_4303",""
"r_f3_sw_to_4304","f3_sw_stair","f3_room_4304","f3/f3_sw_to_4304",""
"r_f3_sw_to_4305_1","f3_sw_stair","f3_room_4305_1","f3/f3_sw_to_4305_1",""
"r_f3_sw_to_4305_2","f3_sw_stair","f3_room_4305_2","f3/f3_sw_to_4305_2",""
"r_f3_sw_to_4306","f3_sw_stair","f3_room_4306","f3/f3_sw_to_4306",""
"r_f3_sw_to_4307_1","f3_sw_stair","f3_room_4307_1","f3/f3_sw_to_4307_1",""
"r_f3_sw_to_4307_2","f3_sw_stair","f3_room_4307_2","f3/f3_sw_to_4307_2",""
"r_f3_sw_to_4308_1","f3_sw_stair","f3_room_4308_1","f3/f3_sw_to_4308_1",""
"r_f3_sw_to_4308_2","f3_sw_stair","f3_room_4308_2","f3/f3_sw_to_4308_2",""
"r_f3_sw_to_4309_1","f3_sw_stair","f3_room_4309_1","f3/f3_sw_to_4309_1",""
"r_f3_sw_to_4309_2","f3_sw_stair","f3_room_4309_2","f3/f3_sw_to_4309_2",""
"r_f3_sw_to_4310_1","f3_sw_stair","f3_room_4310_1","f3/f3_sw_to_4310_1",""
"r_f3_sw_to_4310_2","f3_sw_stair","f3_room_4310_2","f3/f3_sw_to_4310_2",""
"r_f3_sw_to_4311","f3_sw_stair","f3_room_4311","f3/f3_sw_to_4311",""
"r_f3_sw_to_4312","f3_sw_stair","f3_room_4312","f3/f3_sw_to_4312",""
"r_f3_sw_to_4313","f3_sw_stair","f3_room_4313","f3/f3_sw_to_4313",""
"r_f3_sw_to_4314","f3_sw_stair","f3_room_4314","f3/f3_sw_to_4314",""
"r_f3_sw_to_4315","f3_sw_stair","f3_room_4315","f3/f3_sw_to_4315",""
"r_f3_sw_to_4316","f3_sw_stair","f3_room_4316","f3/f3_sw_to_4316",""
"r_f3_sw_to_4317","f3_sw_stair","f3_room_4317","f3/f3_sw_to_4317",""
"r_f3_sw_to_4318","f3_sw_stair","f3_room_4318","f3/f3_sw_to_4318",""
"r_f3_sw_to_4319","f3_sw_stair","f3_room_4319","f3/f3_sw_to_4319",""
"r_f3_sw_to_f3_n","f3_sw_stair","f3_n_stair","f3/f3_sw_to_f3_n",""
"r_f3_sw_to_f3_ne","f3_sw_stair","f3_ne_stair","f3/f3_sw_to_f3_ne",""
"r_f3_sw_to_f3_nw","f3_sw_stair","f3_nw_stair","f3/f3_sw_to_f3_nw",""
"r_f3_sw_to_f3_s_e","f3_sw_stair","f3_s_stair_e","f3/f3_sw_to_f3_s_e",""
"r_f3_sw_to_f3_s_w","f3_sw_stair","f3_s_stair_w","f3/f3_sw_to_f3_s_w",""
"r_f3_sw_to_f3_se","f3_sw_stair","f3_se_stair","f3/f3_sw_to_f3_se",""
"r_f4_n_to_4401","f4_n_stair","f4_room_4401","f4/f4_n_to_4401",""
"r_f4_n_to_4402","f4_n_stair","f4_room_4402","f4/f4_n_to_4402",""
"r_f4_n_to_4403","f4_n_stair","f4_room_4403","f4/f4_n_to_4403",""
"r_f4_n_to_4403_0","f4_n_stair","f4_room_4403_0","f4/f4_n_to_4403_0",""
"r_f4_n_to_4404","f4_n_stair","f4_room_4404","f4/f4_n_to_4404",""
"r_f4_n_to_4405_1","f4_n_stair","f4_room_4405_1","f4/f4_n_to_4405_1",""
"r_f4_n_to_4405_2","f4_n_stair","f4_room_4405_2","f4/f4_n_to_4405_2",""
"r_f4_n_to_4406","f4_n_stair","f4_room_4406","f4/f4_n_to_4406",""
"r_f4_n_to_4407_1","f4_n_stair","f4_room_4407_1","f4/f4_n_to_4407_1",""
"r_f4_n_to_4407_2","f4_n_stair","f4_room_4407_2","f4/f4_n_to_4407_2",""
"r_f4_n_to_4408_1","f4_n_stair","f4_room_4408_1","f4/f4_n_to_4408_1",""
"r_f4_n_to_4408_2","f4_n_stair","f4_room_4408_2","f4/f4_n_to_4408_2",""
"r_f4_n_to_4409","f4_n_stair","f4_room_4409","f4/f4_n_to_4409",""
"r_f4_n_to_4410","f4_n_stair","f4_room_4410","f4/f4_n_to_4410",""
"r_f4_n_to_4411","f4_n_stair","f4_room_4411","f4/f4_n_to_4411",""
"r_f4_n_to_4412","f4_n_stair","f4_room_4412","f4/f4_n_to_4412",""
"r_f4_n_to_4413","f4_n_stair","f4_room_4413","f4/f4_n_to_4413",""
"r_f4_n_to_4414","f4_n_stair","f4_room_4414","f4/f4_n_to_4414",""
"r_f4_n_to_4415","f4_n_stair","f4_room_4415","f4/f4_n_to_4415",""
"r_f4_n_to_4416","f4_n_stair","f4_room_4416","f4/f4_n_to_4416",""
"r_f4_n_to_4417","f4_n_stair","f4_room_4417","f4/f4_n_to_4417",""
"r_f4_n_to_f4_ne","f4_n_stair","f4_ne_stair","f4/f4_n_to_f4_ne",""
"r_f4_n_to_f4_nw","f4_n_stair","f4_nw_stair","f4/f4_n_to_f4_nw",""
"r_f4_n_to_f4_s_e","f4_n_stair","f4_s_stair_e","f4/f4_n_to_f4_s_e",""
"r_f4_n_to_f4_s_w","f4_n_stair","f4_s_stair_w","f4/f4_n_to_f4_s_w",""
"r_f4_n_to_f4_se","f4_n_stair","f4_se_stair","f4/f4_n_to_f4_se",""
"r_f4_n_to_f4_sw","f4_n_stair","f4_sw_stair","f4/f4_n_to_f4_sw",""
"r_f4_ne_to_4401","f4_ne_stair","f4_room_4401","f4/f4_ne_to_4401",""
"r_f4_ne_to_4402","f4_ne_stair","f4_room_4402","f4/f4_ne_to_4402",""
"r_f4_ne_to_4403","f4_ne_stair","f4_room_4403","f4/f4_ne_to_4403",""
"r_f4_ne_to_4403_0","f4_ne_stair","f4_room_4403_0","f4/f4_ne_to_4403_0",""
"r_f4_ne_to_4404","f4_ne_stair","f4_room_4404","f4/f4_ne_to_4404",""
"r_f4_ne_to_4405_1","f4_ne_stair","f4_room_4405_1","f4/f4_ne_to_4405_1",""
"r_f4_ne_to_4405_2","f4_ne_stair","f4_room_4405_2","f4/f4_ne_to_4405_2",""
"r_f4_ne_to_4406","f4_ne_stair","f4_room_4406","f4/f4_ne_to_4406",""
"r_f4_ne_to_4407_1","f4_ne_stair","f4_room_4407_1","f4/f4_ne_to_4407_1",""
"r_f4_ne_to_4407_2","f4_ne_stair","f4_room_4407_2","f4/f4_ne_to_4407_2",""
"r_f4_ne_to_4408_1","f4_ne_stair","f4_room_4408_1","f4/f4_ne_to_4408_1",""
"r_f4_ne_to_4408_2","f4_ne_stair","f4_room_4408_2","f4/f4_ne_to_4408_2",""
"r_f4_ne_to_4409","f4_ne_stair","f4_room_4409","f4/f4_ne_to_4409",""
"r_f4_ne_to_4410","f4_ne_stair","f4_room_4410","f4/f4_ne_to_4410",""
"r_f4_ne_to_4411","f4_ne_stair","f4_room_4411","f4/f4_ne_to_4411",""
"r_f4_ne_to_4412","f4_ne_stair","f4_room_4412","f4/f4_ne_to_4412",""
"r_f4_ne_to_4413","f4_ne_stair","f4_room_4413","f4/f4_ne_to_4413",""
"r_f4_ne_to_4414","f4_ne_stair","f4_room_4414","f4/f4_ne_to_4414",""
"r_f4_ne_to_4415","f4_ne_stair","f4_room_4415","f4/f4_ne_to_4415",""
"r_f4_ne_to_4416","f4_ne_stair","f4_room_4416","f4/f4_ne_to_4416",""
"r_f4_ne_to_4417","f4_ne_stair","f4_room_4417","f4/f4_ne_to_4417",""
"r_f4_ne_to_f4_n","f4_ne_stair","f4_n_stair","f4/f4_ne_to_f4_n",""
"r_f4_ne_to_f4_nw","f4_ne_stair","f4_nw_stair","f4/f4_ne_to_f4_nw",""
"r_f4_ne_to_f4_s_e","f4_ne_stair","f4_s_stair_e","f4/f4_ne_to_f4_s_e",""
"r_f4_ne_to_f4_s_w","f4_ne_stair","f4_s_stair_w","f4/f4_ne_to_f4_s_w",""
"r_f4_ne_to_f4_se","f4_ne_stair","f4_se_stair","f4/f4_ne_to_f4_se",""
"r_f4_ne_to_f4_sw","f4_ne_stair","f4_sw_stair","f4/f4_ne_to_f4_sw",""
"r_f4_nw_to_4401","f4_nw_stair","f4_room_4401","f4/f4_nw_to_4401",""
"r_f4_nw_to_4402","f4_nw_stair","f4_room_4402","f4/f4_nw_to_4402",""
"r_f4_nw_to_4403","f4_nw_stair","f4_room_4403","f4/f4_nw_to_4403",""
"r_f4_nw_to_4403_0","f4_nw_stair","f4_room_4403_0","f4/f4_nw_to_4403_0",""
"r_f4_nw_to_4404","f4_nw_stair","f4_room_4404","f4/f4_nw_to_4404",""
"r_f4_nw_to_4405_1","f4_nw_stair","f4_room_4405_1","f4/f4_nw_to_4405_1",""
"r_f4_nw_to_4405_2","f4_nw_stair","f4_room_4405_2","f4/f4_nw_to_4405_2",""
"r_f4_nw_to_4406","f4_nw_stair","f4_room_4406","f4/f4_nw_to_4406",""
"r_f4_nw_to_4407_1","f4_nw_stair","f4_room_4407_1","f4/f4_nw_to_4407_1",""
"r_f4_nw_to_4407_2","f4_nw_stair","f4_room_4407_2","f4/f4_nw_to_4407_2",""
"r_f4_nw_to_4408_1","f4_nw_stair","f4_room_4408_1","f4/f4_nw_to_4408_1",""
"r_f4_nw_to_4408_2","f4_nw_stair","f4_room_4408_2","f4/f4_nw_to_4408_2",""
"r_f4_nw_to_4409","f4_nw_stair","f4_room_4409","f4/f4_nw_to_4409",""
"r_f4_nw_to_4410","f4_nw_stair","f4_room_4410","f4/f4_nw_to_4410",""
"r_f4_nw_to_4411","f4_nw_stair","f4_room_4411","f4/f4_nw_to_4411",""
"r_f4_nw_to_4412","f4_nw_stair","f4_room_4412","f4/f4_nw_to_4412",""
"r_f4_nw_to_4413","f4_nw_stair","f4_room_4413","f4/f4_nw_to_4413",""
"r_f4_nw_to_4414","f4_nw_stair","f4_room_4414","f4/f4_nw_to_4414",""
"r_f4_nw_to_4415","f4_nw_stair","f4_room_4415","f4/f4_nw_to_4415",""
"r_f4_nw_to_4416","f4_nw_stair","f4_room_4416","f4/f4_nw_to_4416",""
"r_f4_nw_to_4417","f4_nw_stair","f4_room_4417","f4/f4_nw_to_4417",""
"r_f4_nw_to_f4_n","f4_nw_stair","f4_n_stair","f4/f4_nw_to_f4_n",""
"r_f4_nw_to_f4_ne","f4_nw_stair","f4_ne_stair","f4/f4_nw_to_f4_ne",""
"r_f4_nw_to_f4_s_e","f4_nw_stair","f4_s_stair_e","f4/f4_nw_to_f4_s_e",""
"r_f4_nw_to_f4_s_w","f4_nw_stair","f4_s_stair_w","f4/f4_nw_to_f4_s_w",""
"r_f4_nw_to_f4_se","f4_nw_stair","f4_se_stair","f4/f4_nw_to_f4_se",""
"r_f4_nw_to_f4_sw","f4_nw_stair","f4_sw_stair","f4/f4_nw_to_f4_sw",""
"r_f4_s_e_to_4401","f4_s_stair_e","f4_room_4401","f4/f4_s_e_to_4401",""
"r_f4_s_e_to_4402","f4_s_stair_e","f4_room_4402","f4/f4_s_e_to_4402",""
"r_f4_s_e_to_4403","f4_s_stair_e","f4_room_4403","f4/f4_s_e_to_4403",""
"r_f4_s_e_to_4403_0","f4_s_stair_e","f4_room_4403_0","f4/f4_s_e_to_4403_0",""
"r_f4_s_e_to_4404","f4_s_stair_e","f4_room_4404","f4/f4_s_e_to_4404",""
"r_f4_s_e_to_4405_1","f4_s_stair_e","f4_room_4405_1","f4/f4_s_e_to_4405_1",""
"r_f4_s_e_to_4405_2","f4_s_stair_e","f4_room_4405_2","f4/f4_s_e_to_4405_2",""
"r_f4_s_e_to_4406","f4_s_stair_e","f4_room_4406","f4/f4_s_e_to_4406",""
"r_f4_s_e_to_4407_1","f4_s_stair_e","f4_room_4407_1","f4/f4_s_e_to_4407_1",""
"r_f4_s_e_to_4407_2","f4_s_stair_e","f4_room_4407_2","f4/f4_s_e_to_4407_2",""
"r_f4_s_e_to_4408_1","f4_s_stair_e","f4_room_4408_1","f4/f4_s_e_to_4408_1",""
"r_f4_s_e_to_4408_2","f4_s_stair_e","f4_room_4408_2","f4/f4_s_e_to_4408_2",""
"r_f4_s_e_to_4409","f4_s_stair_e","f4_room_4409","f4/f4_s_e_to_4409",""
"r_f4_s_e_to_4410","f4_s_stair_e","f4_room_4410","f4/f4_s_e_to_4410",""
"r_f4_s_e_to_4411","f4_s_stair_e","f4_room_4411","f4/f4_s_e_to_4411",""
"r_f4_s_e_to_4412","f4_s_stair_e","f4_room_4412","f4/f4_s_e_to_4412",""
"r_f4_s_e_to_4413","f4_s_stair_e","f4_room_4413","f4/f4_s_e_to_4413",""
"r_f4_s_e_to_4414","f4_s_stair_e","f4_room_4414","f4/f4_s_e_to_4414",""
"r_f4_s_e_to_4415","f4_s_stair_e","f4_room_4415","f4/f4_s_e_to_4415",""
"r_f4_s_e_to_4416","f4_s_stair_e","f4_room_4416","f4/f4_s_e_to_4416",""
"r_f4_s_e_to_4417","f4_s_stair_e","f4_room_4417","f4/f4_s_e_to_4417",""
"r_f4_s_e_to_f4_n","f4_s_stair_e","f4_n_stair","f4/f4_s_e_to_f4_n",""
"r_f4_s_e_to_f4_ne","f4_s_stair_e","f4_ne_stair","f4/f4_s_e_to_f4_ne",""
"r_f4_s_e_to_f4_nw","f4_s_stair_e","f4_nw_stair","f4/f4_s_e_to_f4_nw",""
"r_f4_s_e_to_f4_s_w","f4_s_stair_e","f4_s_stair_w","f4/f4_s_e_to_f4_s_w",""
"r_f4_s_e_to_f4_se","f4_s_stair_e","f4_se_stair","f4/f4_s_e_to_f4_se",""
"r_f4_s_e_to_f4_sw","f4_s_stair_e","f4_sw_stair","f4/f4_s_e_to_f4_sw",""
"r_f4_s_w_to_4401","f4_s_stair_w","f4_room_4401","f4/f4_s_w_to_4401",""
"r_f4_s_w_to_4402","f4_s_stair_w","f4_room_4402","f4/f4_s_w_to_4402",""
"r_f4_s_w_to_4403","f4_s_stair_w","f4_room_4403","f4/f4_s_w_to_4403",""
"r_f4_s_w_to_4403_0","f4_s_stair_w","f4_room_4403_0","f4/f4_s_w_to_4403_0",""
"r_f4_s_w_to_4404","f4_s_stair_w","f4_room_4404","f4/f4_s_w_to_4404",""
"r_f4_s_w_to_4405_1","f4_s_stair_w","f4_room_4405_1","f4/f4_s_w_to_4405_1",""
"r_f4_s_w_to_4405_2","f4_s_stair_w","f4_room_4405_2","f4/f4_s_w_to_4405_2",""
"r_f4_s_w_to_4406","f4_s_stair_w","f4_room_4406","f4/f4_s_w_to_4406",""
"r_f4_s_w_to_4407_1","f4_s_stair_w","f4_room_4407_1","f4/f4_s_w_to_4407_1",""
"r_f4_s_w_to_4407_2","f4_s_stair_w","f4_room_4407_2","f4/f4_s_w_to_4407_2",""
"r_f4_s_w_to_4408_1","f4_s_stair_w","f4_room_4408_1","f4/f4_s_w_to_4408_1",""
"r_f4_s_w_to_4408_2","f4_s_stair_w","f4_room_4408_2","f4/f4_s_w_to_4408_2",""
"r_f4_s_w_to_4409","f4_s_stair_w","f4_room_4409","f4/f4_s_w_to_4409",""
"r_f4_s_w_to_4410","f4_s_stair_w","f4_room_4410","f4/f4_s_w_to_4410",""
"r_f4_s_w_to_4411","f4_s_stair_w","f4_room_4411","f4/f4_s_w_to_4411",""
"r_f4_s_w_to_4412","f4_s_stair_w","f4_room_4412","f4/f4_s_w_to_4412",""
"r_f4_s_w_to_4413","f4_s_stair_w","f4_room_4413","f4/f4_s_w_to_4413",""
"r_f4_s_w_to_4414","f4_s_stair_w","f4_room_4414","f4/f4_s_w_to_4414",""
"r_f4_s_w_to_4415","f4_s_stair_w","f4_room_4415","f4/f4_s_w_to_4415",""
"r_f4_s_w_to_4416","f4_s_stair_w","f4_room_4416","f4/f4_s_w_to_4416",""
"r_f4_s_w_to_4417","f4_s_stair_w","f4_room_4417","f4/f4_s_w_to_4417",""
"r_f4_s_w_to_f4_n","f4_s_stair_w","f4_n_stair","f4/f4_s_w_to_f4_n",""
"r_f4_s_w_to_f4_ne","f4_s_stair_w","f4_ne_stair","f4/f4_s_w_to_f4_ne",""
"r_f4_s_w_to_f4_nw","f4_s_stair_w","f4_nw_stair","f4/f4_s_w_to_f4_nw",""
"r_f4_s_w_to_f4_s_e","f4_s_stair_w","f4_s_stair_e","f4/f4_s_w_to_f4_s_e",""
"r_f4_s_w_to_f4_se","f4_s_stair_w","f4_se_stair","f4/f4_s_w_to_f4_se",""
"r_f4_s_w_to_f4_sw","f4_s_stair_w","f4_sw_stair","f4/f4_s_w_to_f4_sw",""
"r_f4_se_to_4401","f4_se_stair","f4_room_4401","f4/f4_se_to_4401",""
"r_f4_se_to_4402","f4_se_stair","f4_room_4402","f4/f4_se_to_4402",""
"r_f4_se_to_4403","f4_se_stair","f4_room_4403","f4/f4_se_to_4403",""
"r_f4_se_to_4403_0","f4_se_stair","f4_room_4403_0","f4/f4_se_to_4403_0",""
"r_f4_se_to_4404","f4_se_stair","f4_room_4404","f4/f4_se_to_4404",""
"r_f4_se_to_4405_1","f4_se_stair","f4_room_4405_1","f4/f4_se_to_4405_1",""
"r_f4_se_to_4405_2","f4_se_stair","f4_room_4405_2","f4/f4_se_to_4405_2",""
"r_f4_se_to_4406","f4_se_stair","f4_room_4406","f4/f4_se_to_4406",""
"r_f4_se_to_4407_1","f4_se_stair","f4_room_4407_1","f4/f4_se_to_4407_1",""
"r_f4_se_to_4407_2","f4_se_stair","f4_room_4407_2","f4/f4_se_to_4407_2",""
"r_f4_se_to_4408_1","f4_se_stair","f4_room_4408_1","f4/f4_se_to_4408_1",""
"r_f4_se_to_4408_2","f4_se_stair","f4_room_4408_2","f4/f4_se_to_4408_2",""
"r_f4_se_to_4409","f4_se_stair","f4_room_4409","f4/f4_se_to_4409",""
"r_f4_se_to_4410","f4_se_stair","f4_room_4410","f4/f4_se_to_4410",""
"r_f4_se_to_4411","f4_se_stair","f4_room_4411","f4/f4_se_to_4411",""
"r_f4_se_to_4412","f4_se_stair","f4_room_4412","f4/f4_se_to_4412",""
"r_f4_se_to_4413","f4_se_stair","f4_room_4413","f4/f4_se_to_4413",""
"r_f4_se_to_4414","f4_se_stair","f4_room_4414","f4/f4_se_to_4414",""
"r_f4_se_to_4415","f4_se_stair","f4_room_4415","f4/f4_se_to_4415",""
"r_f4_se_to_4416","f4_se_stair","f4_room_4416","f4/f4_se_to_4416",""
"r_f4_se_to_4417","f4_se_stair","f4_room_4417","f4/f4_se_to_4417",""
"r_f4_se_to_f4_n","f4_se_stair","f4_n_stair","f4/f4_se_to_f4_n",""
"r_f4_se_to_f4_ne","f4_se_stair","f4_ne_stair","f4/f4_se_to_f4_ne",""
"r_f4_se_to_f4_nw","f4_se_stair","f4_nw_stair","f4/f4_se_to_f4_nw",""
"r_f4_se_to_f4_s_e","f4_se_stair","f4_s_stair_e","f4/f4_se_to_f4_s_e",""
"r_f4_se_to_f4_s_w","f4_se_stair","f4_s_stair_w","f4/f4_se_to_f4_s_w",""
"r_f4_se_to_f4_sw","f4_se_stair","f4_sw_stair","f4/f4_se_to_f4_sw",""
"r_f4_sw_to_4401","f4_sw_stair","f4_room_4401","f4/f4_sw_to_4401",""
"r_f4_sw_to_4402","f4_sw_stair","f4_room_4402","f4/f4_sw_to_4402",""
"r_f4_sw_to_4403","f4_sw_stair","f4_room_4403","f4/f4_sw_to_4403",""
"r_f4_sw_to_4403_0","f4_sw_stair","f4_room_4403_0","f4/f4_sw_to_4403_0",""
"r_f4_sw_to_4404","f4_sw_stair","f4_room_4404","f4/f4_sw_to_4404",""
"r_f4_sw_to_4405_1","f4_sw_stair","f4_room_4405_1","f4/f4_sw_to_4405_1",""
"r_f4_sw_to_4405_2","f4_sw_stair","f4_room_4405_2","f4/f4_sw_to_4405_2",""
"r_f4_sw_to_4406","f4_sw_stair","f4_room_4406","f4/f4_sw_to_4406",""
"r_f4_sw_to_4407_1","f4_sw_stair","f4_room_4407_1","f4/f4_sw_to_4407_1",""
"r_f4_sw_to_4407_2","f4_sw_stair","f4_room_4407_2","f4/f4_sw_to_4407_2",""
"r_f4_sw_to_4408_1","f4_sw_stair","f4_room_4408_1","f4/f4_sw_to_4408_1",""
"r_f4_sw_to_4408_2","f4_sw_stair","f4_room_4408_2","f4/f4_sw_to_4408_2",""
"r_f4_sw_to_4409","f4_sw_stair","f4_room_4409","f4/f4_sw_to_4409",""
"r_f4_sw_to_4410","f4_sw_stair","f4_room_4410","f4/f4_sw_to_4410",""
"r_f4_sw_to_4411","f4_sw_stair","f4_room_4411","f4/f4_sw_to_4411",""
"r_f4_sw_to_4412","f4_sw_stair","f4_room_4412","f4/f4_sw_to_4412",""
"r_f4_sw_to_4413","f4_sw_stair","f4_room_4413","f4/f4_sw_to_4413",""
"r_f4_sw_to_4414","f4_sw_stair","f4_room_4414","f4/f4_sw_to_4414",""
"r_f4_sw_to_4415","f4_sw_stair","f4_room_4415","f4/f4_sw_to_4415",""
"r_f4_sw_to_4416","f4_sw_stair","f4_room_4416","f4/f4_sw_to_4416",""
"r_f4_sw_to_4417","f4_sw_stair","f4_room_4417","f4/f4_sw_to_4417",""
"r_f4_sw_to_f4_n","f4_sw_stair","f4_n_stair","f4/f4_sw_to_f4_n",""
"r_f4_sw_to_f4_ne","f4_sw_stair","f4_ne_stair","f4/f4_sw_to_f4_ne",""
"r_f4_sw_to_f4_nw","f4_sw_stair","f4_nw_stair","f4/f4_sw_to_f4_nw",""
"r_f4_sw_to_f4_s_e","f4_sw_stair","f4_s_stair_e","f4/f4_sw_to_f4_s_e",""
"r_f4_sw_to_f4_s_w","f4_sw_stair","f4_s_stair_w","f4/f4_sw_to_f4_s_w",""
"r_f4_sw_to_f4_se","f4_sw_stair","f4_se_stair","f4/f4_sw_to_f4_se",""
"r_f5_n_to_4503_0","f5_n_stair","f5_room_4503_0","f5/f5_n_to_4503_0",""
"r_f5_n_to_4503_1","f5_n_stair","f5_room_4503_1","f5/f5_n_to_4503_1",""
"r_f5_n_to_4503_2","f5_n_stair","f5_room_4503_2","f5/f5_n_to_4503_2",""
"r_f5_n_to_4504_1","f5_n_stair","f5_room_4504_1","f5/f5_n_to_4504_1",""
"r_f5_n_to_4504_2","f5_n_stair","f5_room_4504_2","f5/f5_n_to_4504_2",""
"r_f5_n_to_4505_1","f5_n_stair","f5_room_4505_1","f5/f5_n_to_4505_1",""
"r_f5_n_to_4505_2","f5_n_stair","f5_room_4505_2","f5/f5_n_to_4505_2",""
"r_f5_n_to_4506_1","f5_n_stair","f5_room_4506_1","f5/f5_n_to_4506_1",""
"r_f5_n_to_4506_2","f5_n_stair","f5_room_4506_2","f5/f5_n_to_4506_2",""
"r_f5_n_to_4507_1","f5_n_stair","f5_room_4507_1","f5/f5_n_to_4507_1",""
"r_f5_n_to_4507_2","f5_n_stair","f5_room_4507_2","f5/f5_n_to_4507_2",""
"r_f5_n_to_4508_1","f5_n_stair","f5_room_4508_1","f5/f5_n_to_4508_1",""
"r_f5_n_to_4508_2","f5_n_stair","f5_room_4508_2","f5/f5_n_to_4508_2",""
"r_f5_n_to_4509","f5_n_stair","f5_room_4509","f5/f5_n_to_4509",""
"r_f5_n_to_4510","f5_n_stair","f5_room_4510","f5/f5_n_to_4510",""
"r_f5_n_to_4511","f5_n_stair","f5_room_4511","f5/f5_n_to_4511",""
"r_f5_n_to_f5_s_e","f5_n_stair","f5_s_stair_e","f5/f5_n_to_f5_s_e",""
"r_f5_n_to_f5_se","f5_n_stair","f5_se_stair","f5/f5_n_to_f5_se",""
"r_f5_s_e_to_4503_0","f5_s_stair_e","f5_room_4503_0","f5/f5_s_e_to_4503_0",""
"r_f5_s_e_to_4503_1","f5_s_stair_e","f5_room_4503_1","f5/f5_s_e_to_4503_1",""
"r_f5_s_e_to_4503_2","f5_s_stair_e","f5_room_4503_2","f5/f5_s_e_to_4503_2",""
"r_f5_s_e_to_4504_1","f5_s_stair_e","f5_room_4504_1","f5/f5_s_e_to_4504_1",""
"r_f5_s_e_to_4504_2","f5_s_stair_e","f5_room_4504_2","f5/f5_s_e_to_4504_2",""
"r_f5_s_e_to_4505_1","f5_s_stair_e","f5_room_4505_1","f5/f5_s_e_to_4505_1",""
"r_f5_s_e_to_4505_2","f5_s_stair_e","f5_room_4505_2","f5/f5_s_e_to_4505_2",""
"r_f5_s_e_to_4506_1","f5_s_stair_e","f5_room_4506_1","f5/f5_s_e_to_4506_1",""
"r_f5_s_e_to_4506_2","f5_s_stair_e","f5_room_4506_2","f5/f5_s_e_to_4506_2",""
"r_f5_s_e_to_4507_1","f5_s_stair_e","f5_room_4507_1","f5/f5_s_e_to_4507_1",""
"r_f5_s_e_to_4507_2","f5_s_stair_e","f5_room_4507_2","f5/f5_s_e_to_4507_2",""
"r_f5_s_e_to_4508_1","f5_s_stair_e","f5_room_4508_1","f5/f5_s_e_to_4508_1",""
"r_f5_s_e_to_4508_2","f5_s_stair_e","f5_room_4508_2","f5/f5_s_e_to_4508_2",""
"r_f5_s_e_to_4509","f5_s_stair_e","f5_room_4509","f5/f5_s_e_to_4509",""
"r_f5_s_e_to_4510","f5_s_stair_e","f5_room_4510","f5/f5_s_e_to_4510",""
"r_f5_s_e_to_4511","f5_s_stair_e","f5_room_4511","f5/f5_s_e_to_4511",""
"r_f5_s_e_to_f5_n","f5_s_stair_e","f5_n_stair","f5/f5_s_e_to_f5_n",""
"r_f5_s_e_to_f5_se","f5_s_stair_e","f5_se_stair","f5/f5_s_e_to_f5_se",""
"r_f5_se_to_4503_0","f5_se_stair","f5_room_4503_0","f5/f5_se_to_4503_0",""
"r_f5_se_to_4503_1","f5_se_stair","f5_room_4503_1","f5/f5_se_to_4503_1",""
"r_f5_se_to_4503_2","f5_se_stair","f5_room_4503_2","f5/f5_se_to_4503_2",""
"r_f5_se_to_4504_1","f5_se_stair","f5_room_4504_1","f5/f5_se_to_4504_1",""
"r_f5_se_to_4504_2","f5_se_stair","f5_room_4504_2","f5/f5_se_to_4504_2",""
"r_f5_se_to_4505_1","f5_se_stair","f5_room_4505_1","f5/f5_se_to_4505_1",""
"r_f5_se_to_4505_2","f5_se_stair","f5_room_4505_2","f5/f5_se_to_4505_2",""
"r_f5_se_to_4506_1","f5_se_stair","f5_room_4506_1","f5/f5_se_to_4506_1",""
"r_f5_se_to_4506_2","f5_se_stair","f5_room_4506_2","f5/f5_se_to_4506_2",""
"r_f5_se_to_4507_1","f5_se_stair","f5_room_4507_1","f5/f5_se_to_4507_1",""
"r_f5_se_to_4507_2","f5_se_stair","f5_room_4507_2","f5/f5_se_to_4507_2",""
"r_f5_se_to_4508_1","f5_se_stair","f5_room_4508_1","f5/f5_se_to_4508_1",""
"r_f5_se_to_4508_2","f5_se_stair","f5_room_4508_2","f5/f5_se_to_4508_2",""
"r_f5_se_to_4509","f5_se_stair","f5_room_4509","f5/f5_se_to_4509",""
"r_f5_se_to_4510","f5_se_stair","f5_room_4510","f5/f5_se_to_4510",""
"r_f5_se_to_4511","f5_se_stair","f5_room_4511","f5/f5_se_to_4511",""
"r_f5_se_to_f5_n","f5_se_stair","f5_n_stair","f5/f5_se_to_f5_n",""
"r_f5_se_to_f5_s_e","f5_se_stair","f5_s_stair_e","f5/f5_se_to_f5_s_e",""
"r_f6_n_to_4501","f6_n_stair","f6_room_4501","f6/f6_n_to_4501",""
"r_f6_n_to_4502","f6_n_stair","f6_room_4502","f6/f6_n_to_4502",""
"r_f6_n_to_4512","f6_n_stair","f6_room_4512","f6/f6_n_to_4512",""
"r_f6_n_to_4513","f6_n_stair","f6_room_4513","f6/f6_n_to_4513",""
"r_f6_n_to_4514","f6_n_stair","f6_room_4514","f6/f6_n_to_4514",""
"r_f6_n_to_4515","f6_n_stair","f6_room_4515","f6/f6_n_to_4515",""
"r_f6_n_to_4516","f6_n_stair","f6_room_4516","f6/f6_n_to_4516",""
"r_f6_n_to_4517","f6_n_stair","f6_room_4517","f6/f6_n_to_4517",""
"r_f6_n_to_4601","f6_n_stair","f6_room_4601","f6/f6_n_to_4601",""
"r_f6_n_to_4601_0","f6_n_stair","f6_room_4601_0","f6/f6_n_to_4601_0",""
"r_f6_n_to_4602","f6_n_stair","f6_room_4602","f6/f6_n_to_4602",""
"r_f6_n_to_4603","f6_n_stair","f6_room_4603","f6/f6_n_to_4603",""
"r_f6_n_to_4604","f6_n_stair","f6_room_4604","f6/f6_n_to_4604",""
"r_f6_n_to_4605","f6_n_stair","f6_room_4605","f6/f6_n_to_4605",""
"r_f6_n_to_4606","f6_n_stair","f6_room_4606","f6/f6_n_to_4606",""
"r_f6_n_to_4607","f6_n_stair","f6_room_4607","f6/f6_n_to_4607",""
"r_f6_n_to_4608","f6_n_stair","f6_room_4608","f6/f6_n_to_4608",""
"r_f6_n_to_4609","f6_n_stair","f6_room_4609","f6/f6_n_to_4609",""
"r_f6_n_to_4609_0","f6_n_stair","f6_room_4609_0","f6/f6_n_to_4609_0",""
"r_f6_n_to_f6_ne","f6_n_stair","f6_ne_stair","f6/f6_n_to_f6_ne",""
"r_f6_n_to_f6_nw","f6_n_stair","f6_nw_stair","f6/f6_n_to_f6_nw",""
"r_f6_n_to_f6_s_e","f6_n_stair","f6_s_stair_e","f6/f6_n_to_f6_s_e",""
"r_f6_n_to_f6_s_w","f6_n_stair","f6_s_stair_w","f6/f6_n_to_f6_s_w",""
"r_f6_n_to_f6_se","f6_n_stair","f6_se_stair","f6/f6_n_to_f6_se",""
"r_f6_n_to_f6_sw","f6_n_stair","f6_sw_stair","f6/f6_n_to_f6_sw",""
"r_f6_ne_to_4501","f6_ne_stair","f6_room_4501","f6/f6_ne_to_4501",""
"r_f6_ne_to_4502","f6_ne_stair","f6_room_4502","f6/f6_ne_to_4502",""
"r_f6_ne_to_4512","f6_ne_stair","f6_room_4512","f6/f6_ne_to_4512",""
"r_f6_ne_to_4513","f6_ne_stair","f6_room_4513","f6/f6_ne_to_4513",""
"r_f6_ne_to_4514","f6_ne_stair","f6_room_4514","f6/f6_ne_to_4514",""
"r_f6_ne_to_4515","f6_ne_stair","f6_room_4515","f6/f6_ne_to_4515",""
"r_f6_ne_to_4516","f6_ne_stair","f6_room_4516","f6/f6_ne_to_4516",""
"r_f6_ne_to_4517","f6_ne_stair","f6_room_4517","f6/f6_ne_to_4517",""
"r_f6_ne_to_4601","f6_ne_stair","f6_room_4601","f6/f6_ne_to_4601",""
"r_f6_ne_to_4601_0","f6_ne_stair","f6_room_4601_0","f6/f6_ne_to_4601_0",""
"r_f6_ne_to_4602","f6_ne_stair","f6_room_4602","f6/f6_ne_to_4602",""
"r_f6_ne_to_4603","f6_ne_stair","f6_room_4603","f6/f6_ne_to_4603",""
"r_f6_ne_to_4604","f6_ne_stair","f6_room_4604","f6/f6_ne_to_4604",""
"r_f6_ne_to_4605","f6_ne_stair","f6_room_4605","f6/f6_ne_to_4605",""
"r_f6_ne_to_4606","f6_ne_stair","f6_room_4606","f6/f6_ne_to_4606",""
"r_f6_ne_to_4607","f6_ne_stair","f6_room_4607","f6/f6_ne_to_4607",""
"r_f6_ne_to_4608","f6_ne_stair","f6_room_4608","f6/f6_ne_to_4608",""
"r_f6_ne_to_4609","f6_ne_stair","f6_room_4609","f6/f6_ne_to_4609",""
"r_f6_ne_to_4609_0","f6_ne_stair","f6_room_4609_0","f6/f6_ne_to_4609_0",""
"r_f6_ne_to_f6_n","f6_ne_stair","f6_n_stair","f6/f6_ne_to_f6_n",""
"r_f6_ne_to_f6_nw","f6_ne_stair","f6_nw_stair","f6/f6_ne_to_f6_nw",""
"r_f6_ne_to_f6_s_e","f6_ne_stair","f6_s_stair_e","f6/f6_ne_to_f6_s_e",""
"r_f6_ne_to_f6_s_w","f6_ne_stair","f6_s_stair_w","f6/f6_ne_to_f6_s_w",""
"r_f6_ne_to_f6_se","f6_ne_stair","f6_se_stair","f6/f6_ne_to_f6_se",""
"r_f6_ne_to_f6_sw","f6_ne_stair","f6_sw_stair","f6/f6_ne_to_f6_sw",""
"r_f6_nw_to_4501","f6_nw_stair","f6_room_4501","f6/f6_nw_to_4501",""
"r_f6_nw_to_4502","f6_nw_stair","f6_room_4502","f6/f6_nw_to_4502",""
"r_f6_nw_to_4512","f6_nw_stair","f6_room_4512","f6/f6_nw_to_4512",""
"r_f6_nw_to_4513","f6_nw_stair","f6_room_4513","f6/f6_nw_to_4513",""
"r_f6_nw_to_4514","f6_nw_stair","f6_room_4514","f6/f6_nw_to_4514",""
"r_f6_nw_to_4515","f6_nw_stair","f6_room_4515","f6/f6_nw_to_4515",""
"r_f6_nw_to_4516","f6_nw_stair","f6_room_4516","f6/f6_nw_to_4516",""
"r_f6_nw_to_4517","f6_nw_stair","f6_room_4517","f6/f6_nw_to_4517",""
"r_f6_nw_to_4601","f6_nw_stair","f6_room_4601","f6/f6_nw_to_4601",""
"r_f6_nw_to_4601_0","f6_nw_stair","f6_room_4601_0","f6/f6_nw_to_4601_0",""
"r_f6_nw_to_4602","f6_nw_stair","f6_room_4602","f6/f6_nw_to_4602",""
"r_f6_nw_to_4603","f6_nw_stair","f6_room_4603","f6/f6_nw_to_4603",""
"r_f6_nw_to_4604","f6_nw_stair","f6_room_4604","f6/f6_nw_to_4604",""
"r_f6_nw_to_4605","f6_nw_stair","f6_room_4605","f6/f6_nw_to_4605",""
"r_f6_nw_to_4606","f6_nw_stair","f6_room_4606","f6/f6_nw_to_4606",""
"r_f6_nw_to_4607","f6_nw_stair","f6_room_4607","f6/f6_nw_to_4607",""
"r_f6_nw_to_4608","f6_nw_stair","f6_room_4608","f6/f6_nw_to_4608",""
"r_f6_nw_to_4609","f6_nw_stair","f6_room_4609","f6/f6_nw_to_4609",""
"r_f6_nw_to_4609_0","f6_nw_stair","f6_room_4609_0","f6/f6_nw_to_4609_0",""
"r_f6_nw_to_f6_n","f6_nw_stair","f6_n_stair","f6/f6_nw_to_f6_n",""
"r_f6_nw_to_f6_ne","f6_nw_stair","f6_ne_stair","f6/f6_nw_to_f6_ne",""
"r_f6_nw_to_f6_s_e","f6_nw_stair","f6_s_stair_e","f6/f6_nw_to_f6_s_e",""
"r_f6_nw_to_f6_s_w","f6_nw_stair","f6_s_stair_w","f6/f6_nw_to_f6_s_w",""
"r_f6_nw_to_f6_se","f6_nw_stair","f6_se_stair","f6/f6_nw_to_f6_se",""
"r_f6_nw_to_f6_sw","f6_nw_stair","f6_sw_stair","f6/f6_nw_to_f6_sw",""
"r_f6_s_e_to_4501","f6_s_stair_e","f6_room_4501","f6/f6_s_e_to_4501",""
"r_f6_s_e_to_4502","f6_s_stair_e","f6_room_4502","f6/f6_s_e_to_4502",""
"r_f6_s_e_to_4512","f6_s_stair_e","f6_room_4512","f6/f6_s_e_to_4512",""
"r_f6_s_e_to_4513","f6_s_stair_e","f6_room_4513","f6/f6_s_e_to_4513",""
"r_f6_s_e_to_4514","f6_s_stair_e","f6_room_4514","f6/f6_s_e_to_4514",""
"r_f6_s_e_to_4515","f6_s_stair_e","f6_room_4515","f6/f6_s_e_to_4515",""
"r_f6_s_e_to_4516","f6_s_stair_e","f6_room_4516","f6/f6_s_e_to_4516",""
"r_f6_s_e_to_4517","f6_s_stair_e","f6_room_4517","f6/f6_s_e_to_4517",""
"r_f6_s_e_to_4601","f6_s_stair_e","f6_room_4601","f6/f6_s_e_to_4601",""
"r_f6_s_e_to_4601_0","f6_s_stair_e","f6_room_4601_0","f6/f6_s_e_to_4601_0",""
"r_f6_s_e_to_4602","f6_s_stair_e","f6_room_4602","f6/f6_s_e_to_4602",""
"r_f6_s_e_to_4603","f6_s_stair_e","f6_room_4603","f6/f6_s_e_to_4603",""
"r_f6_s_e_to_4604","f6_s_stair_e","f6_room_4604","f6/f6_s_e_to_4604",""
"r_f6_s_e_to_4605","f6_s_stair_e","f6_room_4605","f6/f6_s_e_to_4605",""
"r_f6_s_e_to_4606","f6_s_stair_e","f6_room_4606","f6/f6_s_e_to_4606",""
"r_f6_s_e_to_4607","f6_s_stair_e","f6_room_4607","f6/f6_s_e_to_4607",""
"r_f6_s_e_to_4608","f6_s_stair_e","f6_room_4608","f6/f6_s_e_to_4608",""
"r_f6_s_e_to_4609","f6_s_stair_e","f6_room_4609","f6/f6_s_e_to_4609",""
"r_f6_s_e_to_4609_0","f6_s_stair_e","f6_room_4609_0","f6/f6_s_e_to_4609_0",""
"r_f6_s_e_to_f6_n","f6_s_stair_e","f6_n_stair","f6/f6_s_e_to_f6_n",""
"r_f6_s_e_to_f6_ne","f6_s_stair_e","f6_ne_stair","f6/f6_s_e_to_f6_ne",""
"r_f6_s_e_to_f6_nw","f6_s_stair_e","f6_nw_stair","f6/f6_s_e_to_f6_nw",""
"r_f6_s_e_to_f6_s_w","f6_s_stair_e","f6_s_stair_w","f6/f6_s_e_to_f6_s_w",""
"r_f6_s_e_to_f6_se","f6_s_stair_e","f6_se_stair","f6/f6_s_e_to_f6_se",""
"r_f6_s_e_to_f6_sw","f6_s_stair_e","f6_sw_stair","f6/f6_s_e_to_f6_sw",""
"r_f6_s_w_to_4501","f6_s_stair_w","f6_room_4501","f6/f6_s_w_to_4501",""
"r_f6_s_w_to_4502","f6_s_stair_w","f6_room_4502","f6/f6_s_w_to_4502",""
"r_f6_s_w_to_4512","f6_s_stair_w","f6_room_4512","f6/f6_s_w_to_4512",""
"r_f6_s_w_to_4513","f6_s_stair_w","f6_room_4513","f6/f6_s_w_to_4513",""
"r_f6_s_w_to_4514","f6_s_stair_w","f6_room_4514","f6/f6_s_w_to_4514",""
"r_f6_s_w_to_4515","f6_s_stair_w","f6_room_4515","f6/f6_s_w_to_4515",""
"r_f6_s_w_to_4516","f6_s_stair_w","f6_room_4516","f6/f6_s_w_to_4516",""
"r_f6_s_w_to_4517","f6_s_stair_w","f6_room_4517","f6/f6_s_w_to_4517",""
"r_f6_s_w_to_4601","f6_s_stair_w","f6_room_4601","f6/f6_s_w_to_4601",""
"r_f6_s_w_to_4601_0","f6_s_stair_w","f6_room_4601_0","f6/f6_s_w_to_4601_0",""
"r_f6_s_w_to_4602","f6_s_stair_w","f6_room_4602","f6/f6_s_w_to_4602",""
"r_f6_s_w_to_4603","f6_s_stair_w","f6_room_4603","f6/f6_s_w_to_4603",""
"r_f6_s_w_to_4604","f6_s_stair_w","f6_room_4604","f6/f6_s_w_to_4604",""
"r_f6_s_w_to_4605","f6_s_stair_w","f6_room_4605","f6/f6_s_w_to_4605",""
"r_f6_s_w_to_4606","f6_s_stair_w","f6_room_4606","f6/f6_s_w_to_4606",""
"r_f6_s_w_to_4607","f6_s_stair_w","f6_room_4607","f6/f6_s_w_to_4607",""
"r_f6_s_w_to_4608","f6_s_stair_w","f6_room_4608","f6/f6_s_w_to_4608",""
"r_f6_s_w_to_4609","f6_s_stair_w","f6_room_4609","f6/f6_s_w_to_4609",""
"r_f6_s_w_to_4609_0","f6_s_stair_w","f6_room_4609_0","f6/f6_s_w_to_4609_0",""
"r_f6_s_w_to_f6_n","f6_s_stair_w","f6_n_stair","f6/f6_s_w_to_f6_n",""
"r_f6_s_w_to_f6_ne","f6_s_stair_w","f6_ne_stair","f6/f6_s_w_to_f6_ne",""
"r_f6_s_w_to_f6_nw","f6_s_stair_w","f6_nw_stair","f6/f6_s_w_to_f6_nw",""
"r_f6_s_w_to_f6_s_e","f6_s_stair_w","f6_s_stair_e","f6/f6_s_w_to_f6_s_e",""
"r_f6_s_w_to_f6_se","f6_s_stair_w","f6_se_stair","f6/f6_s_w_to_f6_se",""
"r_f6_s_w_to_f6_sw","f6_s_stair_w","f6_sw_stair","f6/f6_s_w_to_f6_sw",""
"r_f6_se_to_4501","f6_se_stair","f6_room_4501","f6/f6_se_to_4501",""
"r_f6_se_to_4502","f6_se_stair","f6_room_4502","f6/f6_se_to_4502",""
"r_f6_se_to_4512","f6_se_stair","f6_room_4512","f6/f6_se_to_4512",""
"r_f6_se_to_4513","f6_se_stair","f6_room_4513","f6/f6_se_to_4513",""
"r_f6_se_to_4514","f6_se_stair","f6_room_4514","f6/f6_se_to_4514",""
"r_f6_se_to_4515","f6_se_stair","f6_room_4515","f6/f6_se_to_4515",""
"r_f6_se_to_4516","f6_se_stair","f6_room_4516","f6/f6_se_to_4516",""
"r_f6_se_to_4517","f6_se_stair","f6_room_4517","f6/f6_se_to_4517",""
"r_f6_se_to_4601","f6_se_stair","f6_room_4601","f6/f6_se_to_4601",""
"r_f6_se_to_4601_0","f6_se_stair","f6_room_4601_0","f6/f6_se_to_4601_0",""
"r_f6_se_to_4602","f6_se_stair","f6_room_4602","f6/f6_se_to_4602",""
"r_f6_se_to_4603","f6_se_stair","f6_room_4603","f6/f6_se_to_4603",""
"r_f6_se_to_4604","f6_se_stair","f6_room_4604","f6/f6_se_to_4604",""
"r_f6_se_to_4605","f6_se_stair","f6_room_4605","f6/f6_se_to_4605",""
"r_f6_se_to_4606","f6_se_stair","f6_room_4606","f6/f6_se_to_4606",""
"r_f6_se_to_4607","f6_se_stair","f6_room_4607","f6/f6_se_to_4607",""
"r_f6_se_to_4608","f6_se_stair","f6_room_4608","f6/f6_se_to_4608",""
"r_f6_se_to_4609","f6_se_stair","f6_room_4609","f6/f6_se_to_4609",""
"r_f6_se_to_4609_0","f6_se_stair","f6_room_4609_0","f6/f6_se_to_4609_0",""
"r_f6_se_to_f6_n","f6_se_stair","f6_n_stair","f6/f6_se_to_f6_n",""
"r_f6_se_to_f6_ne","f6_se_stair","f6_ne_stair","f6/f6_se_to_f6_ne",""
"r_f6_se_to_f6_nw","f6_se_stair","f6_nw_stair","f6/f6_se_to_f6_nw",""
"r_f6_se_to_f6_s_e","f6_se_stair","f6_s_stair_e","f6/f6_se_to_f6_s_e",""
"r_f6_se_to_f6_s_w","f6_se_stair","f6_s_stair_w","f6/f6_se_to_f6_s_w",""
"r_f6_se_to_f6_sw","f6_se_stair","f6_sw_stair","f6/f6_se_to_f6_sw",""
"r_f6_sw_to_4501","f6_sw_stair","f6_room_4501","f6/f6_sw_to_4501",""
"r_f6_sw_to_4502","f6_sw_stair","f6_room_4502","f6/f6_sw_to_4502",""
"r_f6_sw_to_4512","f6_sw_stair","f6_room_4512","f6/f6_sw_to_4512",""
"r_f6_sw_to_4513","f6_sw_stair","f6_room_4513","f6/f6_sw_to_4513",""
"r_f6_sw_to_4514","f6_sw_stair","f6_room_4514","f6/f6_sw_to_4514",""
"r_f6_sw_to_4515","f6_sw_stair","f6_room_4515","f6/f6_sw_to_4515",""
"r_f6_sw_to_4516","f6_sw_stair","f6_room_4516","f6/f6_sw_to_4516",""
"r_f6_sw_to_4517","f6_sw_stair","f6_room_4517","f6/f6_sw_to_4517",""
"r_f6_sw_to_4601","f6_sw_stair","f6_room_4601","f6/f6_sw_to_4601",""
"r_f6_sw_to_4601_0","f6_sw_stair","f6_room_4601_0","f6/f6_sw_to_4601_0",""
"r_f6_sw_to_4602","f6_sw_stair","f6_room_4602","f6/f6_sw_to_4602",""
"r_f6_sw_to_4603","f6_sw_stair","f6_room_4603","f6/f6_sw_to_4603",""
"r_f6_sw_to_4604","f6_sw_stair","f6_room_4604","f6/f6_sw_to_4604",""
"r_f6_sw_to_4605","f6_sw_stair","f6_room_4605","f6/f6_sw_to_4605",""
"r_f6_sw_to_4606","f6_sw_stair","f6_room_4606","f6/f6_sw_to_4606",""
"r_f6_sw_to_4607","f6_sw_stair","f6_room_4607","f6/f6_sw_to_4607",""
"r_f6_sw_to_4608","f6_sw_stair","f6_room_4608","f6/f6_sw_to_4608",""
"r_f6_sw_to_4609","f6_sw_stair","f6_room_4609","f6/f6_sw_to_4609",""
"r_f6_sw_to_4609_0","f6_sw_stair","f6_room_4609_0","f6/f6_sw_to_4609_0",""
"r_f6_sw_to_f6_n","f6_sw_stair","f6_n_stair","f6/f6_sw_to_f6_n",""
"r_f6_sw_to_f6_ne","f6_sw_stair","f6_ne_stair","f6/f6_sw_to_f6_ne",""
"r_f6_sw_to_f6_nw","f6_sw_stair","f6_nw_stair","f6/f6_sw_to_f6_nw",""
"r_f6_sw_to_f6_s_e","f6_sw_stair","f6_s_stair_e","f6/f6_sw_to_f6_s_e",""
"r_f6_sw_to_f6_s_w","f6_sw_stair","f6_s_stair_w","f6/f6_sw_to_f6_s_w",""
"r_f6_sw_to_f6_se","f6_sw_stair","f6_se_stair","f6/f6_sw_to_f6_se",""
